data,region,kategoria,produkt,sztuki,cena,koszt
2025-01-01,Wschód,Elektronika,Tablet Lenovo,6,899.0,690.0
2025-01-01,Północ,AGD,Mikrofalówka Amica,5,529.0,385.0
2025-01-02,Południe,Meble,Fotel biurowy,4,1199.0,760.0
2025-01-02,Zachód,AGD,Ekspres do kawy,6,899.0,640.0
2025-01-02,Zachód,Elektronika,Smartfon Xiaomi,6,1299.0,980.0
2025-01-05,Zachód,AGD,Czajnik Zelmer,7,149.0,92.0
2025-01-05,Wschód,Meble,Szafa Nordic,4,2199.0,1490.0
2025-01-06,Północ,Meble,Regał Ikea,5,399.0,230.0
2025-01-06,Wschód,Meble,Lampka LED,4,89.0,41.0
2025-01-06,Zachód,Elektronika,Monitor LG,6,1099.0,820.0
2025-01-07,Zachód,Meble,Biurko dębowe,4,1599.0,1020.0
2025-01-07,Zachód,Meble,Lampka LED,5,89.0,41.0
2025-01-07,Zachód,AGD,Odkurzacz Bosch,7,749.0,520.0
2025-01-08,Zachód,Elektronika,Laptop Dell,7,3499.0,2750.0
2025-01-09,Północ,Meble,Fotel biurowy,5,1199.0,760.0
2025-01-09,Południe,Meble,Lampka LED,5,89.0,41.0
2025-01-09,Północ,AGD,Ekspres do kawy,7,899.0,640.0
2025-01-09,Południe,Meble,Regał Ikea,5,399.0,230.0
2025-01-10,Północ,Elektronika,Laptop Dell,6,3499.0,2750.0
2025-01-10,Południe,Meble,Biurko dębowe,4,1599.0,1020.0
2025-01-10,Wschód,Elektronika,Laptop Dell,5,3499.0,2750.0
2025-01-10,Wschód,Elektronika,Smartfon Xiaomi,6,1299.0,980.0
2025-01-11,Wschód,Meble,Fotel biurowy,5,1199.0,760.0
2025-01-11,Południe,AGD,Pralka Beko,6,1899.0,1480.0
2025-01-12,Północ,AGD,Pralka Beko,6,1899.0,1480.0
2025-01-12,Północ,AGD,Czajnik Zelmer,7,149.0,92.0
2025-01-13,Północ,Meble,Biurko dębowe,5,1599.0,1020.0
2025-01-14,Południe,Elektronika,Tablet Lenovo,6,899.0,690.0
2025-01-14,Zachód,AGD,Pralka Beko,6,1899.0,1480.0
2025-01-14,Wschód,Elektronika,Monitor LG,7,1099.0,820.0
2025-01-15,Wschód,Meble,Biurko dębowe,4,1599.0,1020.0
2025-01-15,Południe,AGD,Odkurzacz Bosch,6,749.0,520.0
2025-01-17,Zachód,Meble,Regał Ikea,5,399.0,230.0
2025-01-18,Zachód,Meble,Fotel biurowy,5,1199.0,760.0
2025-01-19,Zachód,AGD,Mikrofalówka Amica,7,529.0,385.0
2025-01-20,Wschód,AGD,Pralka Beko,5,1899.0,1480.0
2025-01-20,Południe,Meble,Szafa Nordic,5,2199.0,1490.0
2025-01-20,Północ,AGD,Odkurzacz Bosch,5,749.0,520.0
2025-01-21,Południe,Elektronika,Laptop Dell,7,3499.0,2750.0
2025-01-21,Południe,AGD,Czajnik Zelmer,7,149.0,92.0
2025-01-22,Południe,Elektronika,Smartfon Xiaomi,6,1299.0,980.0
2025-01-23,Wschód,AGD,Czajnik Zelmer,5,149.0,92.0
2025-01-26,Północ,Meble,Szafa Nordic,6,2199.0,1490.0
2025-01-26,Południe,AGD,Ekspres do kawy,6,899.0,640.0
2025-01-27,Wschód,Meble,Regał Ikea,5,399.0,230.0
2025-01-28,Północ,Elektronika,Słuchawki JBL,8,299.0,175.0
2025-01-28,Północ,Meble,Lampka LED,5,89.0,41.0
2025-01-28,Wschód,AGD,Mikrofalówka Amica,6,529.0,385.0
2025-02-01,Południe,Elektronika,Tablet Lenovo,8,899.0,690.0
2025-02-01,Zachód,Elektronika,Smartfon Xiaomi,8,1299.0,980.0
2025-02-01,Zachód,AGD,Pralka Beko,7,1899.0,1480.0
2025-02-02,Wschód,AGD,Ekspres do kawy,5,899.0,640.0
2025-02-02,Północ,Elektronika,Słuchawki JBL,6,299.0,175.0
2025-02-02,Północ,Meble,Biurko dębowe,5,1599.0,1020.0
2025-02-02,Południe,Elektronika,Smartfon Xiaomi,7,1299.0,980.0
2025-02-03,Północ,AGD,Odkurzacz Bosch,6,749.0,520.0
2025-02-04,Zachód,Meble,Szafa Nordic,5,2199.0,1490.0
2025-02-04,Zachód,Meble,Biurko dębowe,5,1599.0,1020.0
2025-02-04,Wschód,Meble,Szafa Nordic,5,2199.0,1490.0
2025-02-05,Zachód,Elektronika,Słuchawki JBL,6,299.0,175.0
2025-02-05,Południe,Meble,Szafa Nordic,6,2199.0,1490.0
2025-02-06,Zachód,Meble,Fotel biurowy,5,1199.0,760.0
2025-02-06,Zachód,Meble,Regał Ikea,6,399.0,230.0
2025-02-07,Południe,AGD,Czajnik Zelmer,7,149.0,92.0
2025-02-07,Południe,Meble,Fotel biurowy,5,1199.0,760.0
2025-02-07,Zachód,Elektronika,Laptop Dell,6,3499.0,2750.0
2025-02-07,Wschód,Meble,Biurko dębowe,5,1599.0,1020.0
2025-02-08,Północ,Elektronika,Tablet Lenovo,6,899.0,690.0
2025-02-09,Południe,Meble,Regał Ikea,5,399.0,230.0
2025-02-09,Południe,Elektronika,Laptop Dell,6,3499.0,2750.0
2025-02-10,Wschód,Elektronika,Laptop Dell,7,3499.0,2750.0
2025-02-10,Wschód,AGD,Odkurzacz Bosch,6,749.0,520.0
2025-02-11,Północ,Meble,Fotel biurowy,4,1199.0,760.0
2025-02-11,Północ,Elektronika,Smartfon Xiaomi,6,1299.0,980.0
2025-02-12,Wschód,Meble,Fotel biurowy,4,1199.0,760.0
2025-02-13,Południe,AGD,Mikrofalówka Amica,5,529.0,385.0
2025-02-13,Południe,Meble,Lampka LED,5,89.0,41.0
2025-02-15,Wschód,AGD,Czajnik Zelmer,6,149.0,92.0
2025-02-16,Zachód,AGD,Czajnik Zelmer,6,149.0,92.0
2025-02-17,Wschód,Meble,Lampka LED,4,89.0,41.0
2025-02-18,Zachód,AGD,Mikrofalówka Amica,6,529.0,385.0
2025-02-18,Wschód,Elektronika,Monitor LG,6,1099.0,820.0
2025-02-19,Południe,AGD,Odkurzacz Bosch,6,749.0,520.0
2025-02-19,Północ,AGD,Pralka Beko,6,1899.0,1480.0
2025-02-21,Północ,Meble,Lampka LED,5,89.0,41.0
2025-02-22,Południe,Elektronika,Monitor LG,8,1099.0,820.0
2025-02-23,Południe,Meble,Biurko dębowe,6,1599.0,1020.0
2025-02-25,Wschód,Meble,Regał Ikea,4,399.0,230.0
2025-02-25,Północ,AGD,Mikrofalówka Amica,6,529.0,385.0
2025-02-26,Północ,Elektronika,Laptop Dell,7,3499.0,2750.0
2025-02-27,Zachód,AGD,Ekspres do kawy,6,899.0,640.0
2025-02-27,Wschód,AGD,Mikrofalówka Amica,6,529.0,385.0
2025-02-28,Wschód,Elektronika,Słuchawki JBL,6,299.0,175.0
2025-02-28,Zachód,Elektronika,Tablet Lenovo,7,899.0,690.0
2025-02-28,Północ,Meble,Szafa Nordic,5,2199.0,1490.0
2025-02-28,Północ,AGD,Ekspres do kawy,5,899.0,640.0
2025-03-02,Zachód,Meble,Biurko dębowe,5,1599.0,1020.0
2025-03-02,Zachód,Elektronika,Monitor LG,6,1099.0,820.0
2025-03-03,Północ,AGD,Mikrofalówka Amica,5,529.0,385.0
2025-03-03,Zachód,AGD,Czajnik Zelmer,7,149.0,92.0
2025-03-03,Południe,Elektronika,Smartfon Xiaomi,8,1299.0,980.0
2025-03-04,Południe,Meble,Fotel biurowy,6,1199.0,760.0
2025-03-05,Zachód,Meble,Szafa Nordic,5,2199.0,1490.0
2025-03-05,Wschód,AGD,Odkurzacz Bosch,6,749.0,520.0
2025-03-06,Zachód,Elektronika,Słuchawki JBL,9,299.0,175.0
2025-03-06,Południe,Meble,Regał Ikea,6,399.0,230.0
2025-03-09,Wschód,Elektronika,Smartfon Xiaomi,7,1299.0,980.0
2025-03-09,Północ,Elektronika,Monitor LG,7,1099.0,820.0
2025-03-10,Południe,AGD,Odkurzacz Bosch,6,749.0,520.0
2025-03-11,Wschód,Meble,Lampka LED,6,89.0,41.0
2025-03-11,Północ,Elektronika,Smartfon Xiaomi,8,1299.0,980.0
2025-03-12,Wschód,Elektronika,Monitor LG,7,1099.0,820.0
2025-03-12,Północ,Meble,Fotel biurowy,6,1199.0,760.0
2025-03-13,Wschód,AGD,Pralka Beko,6,1899.0,1480.0
2025-03-13,Wschód,Elektronika,Laptop Dell,7,3499.0,2750.0
2025-03-14,Wschód,Elektronika,Słuchawki JBL,6,299.0,175.0
2025-03-15,Północ,Elektronika,Słuchawki JBL,7,299.0,175.0
2025-03-15,Północ,Elektronika,Laptop Dell,8,3499.0,2750.0
2025-03-15,Wschód,Meble,Biurko dębowe,5,1599.0,1020.0
2025-03-15,Północ,Meble,Regał Ikea,5,399.0,230.0
2025-03-16,Południe,Elektronika,Laptop Dell,6,3499.0,2750.0
2025-03-16,Południe,Elektronika,Monitor LG,6,1099.0,820.0
2025-03-17,Zachód,AGD,Mikrofalówka Amica,6,529.0,385.0
2025-03-17,Wschód,AGD,Mikrofalówka Amica,6,529.0,385.0
2025-03-18,Wschód,AGD,Czajnik Zelmer,6,149.0,92.0
2025-03-18,Północ,Elektronika,Tablet Lenovo,8,899.0,690.0
2025-03-18,Wschód,AGD,Ekspres do kawy,5,899.0,640.0
2025-03-18,Zachód,Elektronika,Laptop Dell,8,3499.0,2750.0
2025-03-18,Zachód,Meble,Lampka LED,6,89.0,41.0
2025-03-19,Zachód,AGD,Odkurzacz Bosch,6,749.0,520.0
2025-03-19,Północ,Meble,Szafa Nordic,6,2199.0,1490.0
2025-03-20,Północ,AGD,Odkurzacz Bosch,7,749.0,520.0
2025-03-20,Południe,Meble,Biurko dębowe,6,1599.0,1020.0
2025-03-21,Zachód,Elektronika,Smartfon Xiaomi,9,1299.0,980.0
2025-03-21,Zachód,Elektronika,Tablet Lenovo,7,899.0,690.0
2025-03-22,Północ,AGD,Czajnik Zelmer,6,149.0,92.0
2025-03-24,Południe,AGD,Ekspres do kawy,7,899.0,640.0
2025-03-25,Zachód,Meble,Regał Ikea,5,399.0,230.0
2025-03-25,Południe,AGD,Mikrofalówka Amica,5,529.0,385.0
2025-03-26,Wschód,Meble,Szafa Nordic,6,2199.0,1490.0
2025-03-26,Południe,Elektronika,Tablet Lenovo,6,899.0,690.0
2025-03-26,Południe,Meble,Szafa Nordic,6,2199.0,1490.0
2025-03-27,Południe,AGD,Czajnik Zelmer,6,149.0,92.0
2025-03-28,Północ,AGD,Ekspres do kawy,6,899.0,640.0
2025-04-01,Północ,AGD,Odkurzacz Bosch,7,749.0,520.0
2025-04-01,Wschód,AGD,Ekspres do kawy,6,899.0,640.0
2025-04-02,Południe,Meble,Lampka LED,5,89.0,41.0
2025-04-02,Wschód,Elektronika,Monitor LG,8,1099.0,820.0
2025-04-03,Zachód,Elektronika,Smartfon Xiaomi,7,1299.0,980.0
2025-04-04,Wschód,Meble,Biurko dębowe,5,1599.0,1020.0
2025-04-05,Wschód,Elektronika,Słuchawki JBL,7,299.0,175.0
2025-04-06,Zachód,Meble,Lampka LED,5,89.0,41.0
2025-04-06,Południe,AGD,Czajnik Zelmer,6,149.0,92.0
2025-04-06,Północ,Meble,Regał Ikea,4,399.0,230.0
2025-04-06,Północ,AGD,Ekspres do kawy,5,899.0,640.0
2025-04-06,Północ,Elektronika,Tablet Lenovo,7,899.0,690.0
2025-04-07,Południe,Meble,Biurko dębowe,6,1599.0,1020.0
2025-04-07,Wschód,AGD,Czajnik Zelmer,5,149.0,92.0
2025-04-09,Północ,Meble,Lampka LED,6,89.0,41.0
2025-04-09,Północ,AGD,Czajnik Zelmer,5,149.0,92.0
2025-04-09,Zachód,AGD,Pralka Beko,7,1899.0,1480.0
2025-04-09,Wschód,Meble,Szafa Nordic,4,2199.0,1490.0
2025-04-09,Zachód,Elektronika,Słuchawki JBL,8,299.0,175.0
2025-04-11,Wschód,AGD,Mikrofalówka Amica,6,529.0,385.0
2025-04-11,Południe,Elektronika,Laptop Dell,7,3499.0,2750.0
2025-04-12,Południe,Meble,Szafa Nordic,5,2199.0,1490.0
2025-04-14,Zachód,Meble,Fotel biurowy,5,1199.0,760.0
2025-04-14,Południe,AGD,Ekspres do kawy,7,899.0,640.0
2025-04-14,Północ,Elektronika,Smartfon Xiaomi,7,1299.0,980.0
2025-04-16,Południe,Elektronika,Monitor LG,7,1099.0,820.0
2025-04-16,Zachód,AGD,Odkurzacz Bosch,6,749.0,520.0
2025-04-16,Południe,AGD,Odkurzacz Bosch,5,749.0,520.0
2025-04-17,Północ,Elektronika,Monitor LG,6,1099.0,820.0
2025-04-18,Zachód,Meble,Szafa Nordic,5,2199.0,1490.0
2025-04-18,Północ,Elektronika,Laptop Dell,7,3499.0,2750.0
2025-04-18,Wschód,AGD,Pralka Beko,6,1899.0,1480.0
2025-04-19,Południe,Meble,Fotel biurowy,6,1199.0,760.0
2025-04-19,Południe,Elektronika,Słuchawki JBL,8,299.0,175.0
2025-04-21,Południe,Elektronika,Tablet Lenovo,7,899.0,690.0
2025-04-23,Zachód,AGD,Mikrofalówka Amica,6,529.0,385.0
2025-04-23,Wschód,AGD,Odkurzacz Bosch,6,749.0,520.0
2025-04-25,Zachód,Elektronika,Monitor LG,7,1099.0,820.0
2025-04-26,Zachód,Elektronika,Tablet Lenovo,8,899.0,690.0
2025-04-26,Północ,Meble,Fotel biurowy,5,1199.0,760.0
2025-04-27,Wschód,Meble,Fotel biurowy,5,1199.0,760.0
2025-04-27,Wschód,Elektronika,Tablet Lenovo,7,899.0,690.0
2025-04-27,Zachód,AGD,Ekspres do kawy,7,899.0,640.0
2025-04-28,Zachód,Meble,Regał Ikea,6,399.0,230.0
2025-04-28,Południe,AGD,Mikrofalówka Amica,6,529.0,385.0
2025-04-28,Północ,AGD,Mikrofalówka Amica,6,529.0,385.0
2025-04-28,Północ,AGD,Pralka Beko,5,1899.0,1480.0
2025-04-28,Wschód,Elektronika,Laptop Dell,5,3499.0,2750.0
2025-05-01,Północ,Meble,Lampka LED,5,89.0,41.0
2025-05-02,Południe,Elektronika,Laptop Dell,7,3499.0,2750.0
2025-05-02,Południe,AGD,Czajnik Zelmer,7,149.0,92.0
2025-05-02,Południe,Elektronika,Smartfon Xiaomi,8,1299.0,980.0
2025-05-02,Zachód,Elektronika,Słuchawki JBL,7,299.0,175.0
2025-05-03,Zachód,Elektronika,Tablet Lenovo,6,899.0,690.0
2025-05-03,Północ,AGD,Odkurzacz Bosch,7,749.0,520.0
2025-05-04,Wschód,Elektronika,Smartfon Xiaomi,6,1299.0,980.0
2025-05-04,Północ,Meble,Regał Ikea,5,399.0,230.0
2025-05-04,Wschód,Meble,Regał Ikea,5,399.0,230.0
2025-05-04,Północ,AGD,Ekspres do kawy,6,899.0,640.0
2025-05-05,Wschód,AGD,Ekspres do kawy,6,899.0,640.0
2025-05-05,Północ,Meble,Szafa Nordic,5,2199.0,1490.0
2025-05-06,Zachód,Elektronika,Smartfon Xiaomi,8,1299.0,980.0
2025-05-06,Wschód,Meble,Fotel biurowy,6,1199.0,760.0
2025-05-06,Południe,AGD,Pralka Beko,7,1899.0,1480.0
2025-05-06,Północ,Elektronika,Laptop Dell,8,3499.0,2750.0
2025-05-07,Południe,AGD,Mikrofalówka Amica,5,529.0,385.0
2025-05-07,Północ,Meble,Biurko dębowe,5,1599.0,1020.0
2025-05-07,Wschód,AGD,Odkurzacz Bosch,7,749.0,520.0
2025-05-07,Wschód,AGD,Czajnik Zelmer,7,149.0,92.0
2025-05-08,Zachód,Elektronika,Monitor LG,8,1099.0,820.0
2025-05-08,Północ,AGD,Czajnik Zelmer,5,149.0,92.0
2025-05-09,Południe,AGD,Odkurzacz Bosch,7,749.0,520.0
2025-05-09,Północ,Elektronika,Monitor LG,8,1099.0,820.0
2025-05-10,Wschód,Elektronika,Tablet Lenovo,8,899.0,690.0
2025-05-11,Północ,Elektronika,Słuchawki JBL,6,299.0,175.0
2025-05-11,Południe,Elektronika,Monitor LG,7,1099.0,820.0
2025-05-11,Wschód,Meble,Biurko dębowe,5,1599.0,1020.0
2025-05-13,Południe,Meble,Lampka LED,6,89.0,41.0
2025-05-14,Zachód,Elektronika,Laptop Dell,7,3499.0,2750.0
2025-05-14,Zachód,Meble,Biurko dębowe,4,1599.0,1020.0
2025-05-16,Wschód,AGD,Pralka Beko,7,1899.0,1480.0
2025-05-16,Południe,Meble,Fotel biurowy,6,1199.0,760.0
2025-05-18,Południe,Elektronika,Tablet Lenovo,7,899.0,690.0
2025-05-18,Zachód,AGD,Pralka Beko,6,1899.0,1480.0
2025-05-19,Zachód,Meble,Fotel biurowy,5,1199.0,760.0
2025-05-19,Północ,AGD,Pralka Beko,6,1899.0,1480.0
2025-05-20,Zachód,Meble,Szafa Nordic,5,2199.0,1490.0
2025-05-20,Zachód,AGD,Odkurzacz Bosch,7,749.0,520.0
2025-05-20,Wschód,Meble,Szafa Nordic,6,2199.0,1490.0
2025-05-21,Północ,Meble,Fotel biurowy,5,1199.0,760.0
2025-05-22,Zachód,AGD,Mikrofalówka Amica,6,529.0,385.0
2025-05-22,Południe,AGD,Ekspres do kawy,7,899.0,640.0
2025-05-22,Zachód,Meble,Lampka LED,4,89.0,41.0
2025-05-24,Południe,Elektronika,Słuchawki JBL,7,299.0,175.0
2025-05-26,Wschód,Elektronika,Monitor LG,8,1099.0,820.0
2025-05-27,Wschód,AGD,Mikrofalówka Amica,5,529.0,385.0
2025-06-01,Południe,Meble,Szafa Nordic,6,2199.0,1490.0
2025-06-01,Wschód,Meble,Fotel biurowy,4,1199.0,760.0
2025-06-02,Południe,AGD,Ekspres do kawy,7,899.0,640.0
2025-06-02,Wschód,AGD,Pralka Beko,5,1899.0,1480.0
2025-06-02,Północ,Elektronika,Słuchawki JBL,7,299.0,175.0
2025-06-03,Południe,AGD,Czajnik Zelmer,7,149.0,92.0
2025-06-03,Północ,Meble,Szafa Nordic,5,2199.0,1490.0
2025-06-03,Południe,Meble,Regał Ikea,5,399.0,230.0
2025-06-04,Wschód,Elektronika,Smartfon Xiaomi,7,1299.0,980.0
2025-06-04,Północ,AGD,Czajnik Zelmer,6,149.0,92.0
2025-06-04,Wschód,AGD,Czajnik Zelmer,7,149.0,92.0
2025-06-05,Wschód,Meble,Regał Ikea,5,399.0,230.0
2025-06-06,Północ,AGD,Odkurzacz Bosch,6,749.0,520.0
2025-06-06,Północ,Meble,Fotel biurowy,4,1199.0,760.0
2025-06-06,Zachód,Meble,Fotel biurowy,5,1199.0,760.0
2025-06-07,Zachód,Elektronika,Laptop Dell,8,3499.0,2750.0
2025-06-07,Południe,Meble,Lampka LED,5,89.0,41.0
2025-06-09,Zachód,AGD,Pralka Beko,7,1899.0,1480.0
2025-06-10,Południe,AGD,Odkurzacz Bosch,7,749.0,520.0
2025-06-10,Zachód,AGD,Mikrofalówka Amica,6,529.0,385.0
2025-06-11,Zachód,Meble,Regał Ikea,5,399.0,230.0
2025-06-11,Wschód,Meble,Lampka LED,4,89.0,41.0
2025-06-14,Wschód,AGD,Ekspres do kawy,5,899.0,640.0
2025-06-16,Zachód,AGD,Ekspres do kawy,6,899.0,640.0
2025-06-16,Północ,Elektronika,Monitor LG,8,1099.0,820.0
2025-06-17,Południe,Elektronika,Smartfon Xiaomi,6,1299.0,980.0
2025-06-17,Wschód,Elektronika,Słuchawki JBL,8,299.0,175.0
2025-06-18,Wschód,Elektronika,Monitor LG,7,1099.0,820.0
2025-06-19,Zachód,AGD,Czajnik Zelmer,6,149.0,92.0
2025-06-19,Zachód,Meble,Szafa Nordic,5,2199.0,1490.0
2025-06-19,Zachód,Meble,Biurko dębowe,6,1599.0,1020.0
2025-06-20,Północ,Meble,Regał Ikea,5,399.0,230.0
2025-06-20,Wschód,AGD,Odkurzacz Bosch,6,749.0,520.0
2025-06-21,Północ,Elektronika,Laptop Dell,6,3499.0,2750.0
2025-06-21,Wschód,AGD,Mikrofalówka Amica,5,529.0,385.0
2025-06-22,Południe,Meble,Fotel biurowy,4,1199.0,760.0
2025-06-23,Zachód,Elektronika,Słuchawki JBL,8,299.0,175.0
2025-06-23,Północ,Elektronika,Tablet Lenovo,6,899.0,690.0
2025-06-23,Południe,Meble,Biurko dębowe,4,1599.0,1020.0
2025-06-23,Zachód,Elektronika,Monitor LG,8,1099.0,820.0
2025-06-24,Zachód,Elektronika,Smartfon Xiaomi,8,1299.0,980.0
2025-06-25,Wschód,Meble,Biurko dębowe,4,1599.0,1020.0
2025-06-26,Południe,Elektronika,Słuchawki JBL,8,299.0,175.0
2025-06-27,Północ,Meble,Lampka LED,4,89.0,41.0
2025-06-27,Południe,Elektronika,Monitor LG,8,1099.0,820.0
2025-06-27,Północ,AGD,Pralka Beko,5,1899.0,1480.0
2025-06-28,Północ,Elektronika,Smartfon Xiaomi,7,1299.0,980.0
2025-06-28,Południe,AGD,Mikrofalówka Amica,6,529.0,385.0
2025-07-01,Wschód,Elektronika,Smartfon Xiaomi,6,1299.0,980.0
2025-07-01,Zachód,Elektronika,Monitor LG,6,1099.0,820.0
2025-07-01,Północ,Elektronika,Słuchawki JBL,6,299.0,175.0
2025-07-01,Północ,Elektronika,Tablet Lenovo,6,899.0,690.0
2025-07-01,Północ,Meble,Biurko dębowe,4,1599.0,1020.0
2025-07-02,Zachód,AGD,Odkurzacz Bosch,7,749.0,520.0
2025-07-04,Wschód,AGD,Ekspres do kawy,6,899.0,640.0
2025-07-05,Południe,Elektronika,Monitor LG,6,1099.0,820.0
2025-07-06,Zachód,Meble,Regał Ikea,5,399.0,230.0
2025-07-06,Północ,Meble,Szafa Nordic,4,2199.0,1490.0
2025-07-06,Południe,Meble,Lampka LED,4,89.0,41.0
2025-07-07,Południe,AGD,Pralka Beko,6,1899.0,1480.0
2025-07-08,Północ,AGD,Mikrofalówka Amica,6,529.0,385.0
2025-07-10,Wschód,AGD,Czajnik Zelmer,6,149.0,92.0
2025-07-10,Zachód,Meble,Biurko dębowe,6,1599.0,1020.0
2025-07-10,Południe,AGD,Ekspres do kawy,5,899.0,640.0
2025-07-12,Północ,AGD,Odkurzacz Bosch,7,749.0,520.0
2025-07-12,Zachód,Elektronika,Laptop Dell,8,3499.0,2750.0
2025-07-13,Zachód,Meble,Szafa Nordic,6,2199.0,1490.0
2025-07-13,Południe,Elektronika,Tablet Lenovo,6,899.0,690.0
2025-07-13,Północ,AGD,Pralka Beko,7,1899.0,1480.0
2025-07-14,Południe,Elektronika,Laptop Dell,6,3499.0,2750.0
2025-07-14,Wschód,Meble,Fotel biurowy,4,1199.0,760.0
2025-07-14,Wschód,Meble,Biurko dębowe,5,1599.0,1020.0
2025-07-16,Wschód,Elektronika,Monitor LG,6,1099.0,820.0
2025-07-17,Północ,Elektronika,Monitor LG,7,1099.0,820.0
2025-07-17,Wschód,AGD,Pralka Beko,5,1899.0,1480.0
2025-07-18,Zachód,Elektronika,Słuchawki JBL,8,299.0,175.0
2025-07-18,Wschód,Meble,Regał Ikea,4,399.0,230.0
2025-07-18,Wschód,Meble,Szafa Nordic,4,2199.0,1490.0
2025-07-19,Zachód,AGD,Mikrofalówka Amica,6,529.0,385.0
2025-07-19,Południe,Meble,Biurko dębowe,5,1599.0,1020.0
2025-07-20,Wschód,AGD,Mikrofalówka Amica,6,529.0,385.0
2025-07-21,Północ,AGD,Czajnik Zelmer,6,149.0,92.0
2025-07-22,Północ,Elektronika,Laptop Dell,8,3499.0,2750.0
2025-07-22,Zachód,Elektronika,Tablet Lenovo,7,899.0,690.0
2025-07-22,Wschód,Elektronika,Słuchawki JBL,7,299.0,175.0
2025-07-22,Południe,Meble,Fotel biurowy,5,1199.0,760.0
2025-07-22,Zachód,Elektronika,Smartfon Xiaomi,8,1299.0,980.0
2025-07-24,Południe,AGD,Mikrofalówka Amica,6,529.0,385.0
2025-07-24,Północ,Meble,Lampka LED,5,89.0,41.0
2025-07-24,Południe,Elektronika,Smartfon Xiaomi,7,1299.0,980.0
2025-07-25,Południe,Meble,Regał Ikea,5,399.0,230.0
2025-07-25,Południe,AGD,Czajnik Zelmer,6,149.0,92.0
2025-07-25,Wschód,Elektronika,Laptop Dell,5,3499.0,2750.0
2025-07-26,Zachód,AGD,Pralka Beko,7,1899.0,1480.0
2025-07-26,Północ,Elektronika,Smartfon Xiaomi,6,1299.0,980.0
2025-07-27,Zachód,Meble,Fotel biurowy,5,1199.0,760.0
2025-08-01,Północ,Meble,Fotel biurowy,4,1199.0,760.0
2025-08-02,Północ,AGD,Pralka Beko,6,1899.0,1480.0
2025-08-03,Południe,AGD,Pralka Beko,6,1899.0,1480.0
2025-08-05,Południe,AGD,Odkurzacz Bosch,5,749.0,520.0
2025-08-05,Północ,Elektronika,Monitor LG,7,1099.0,820.0
2025-08-05,Południe,Meble,Szafa Nordic,4,2199.0,1490.0
2025-08-05,Wschód,Elektronika,Monitor LG,7,1099.0,820.0
2025-08-06,Wschód,AGD,Pralka Beko,7,1899.0,1480.0
2025-08-06,Wschód,Elektronika,Tablet Lenovo,7,899.0,690.0
2025-08-06,Północ,Meble,Biurko dębowe,5,1599.0,1020.0
2025-08-07,Wschód,Elektronika,Słuchawki JBL,7,299.0,175.0
2025-08-07,Zachód,AGD,Mikrofalówka Amica,5,529.0,385.0
2025-08-08,Zachód,Meble,Biurko dębowe,6,1599.0,1020.0
2025-08-08,Północ,AGD,Czajnik Zelmer,7,149.0,92.0
2025-08-08,Południe,AGD,Czajnik Zelmer,5,149.0,92.0
2025-08-09,Zachód,AGD,Ekspres do kawy,6,899.0,640.0
2025-08-09,Zachód,Elektronika,Monitor LG,7,1099.0,820.0
2025-08-11,Północ,Meble,Szafa Nordic,5,2199.0,1490.0
2025-08-13,Wschód,Meble,Lampka LED,5,89.0,41.0
2025-08-13,Zachód,Meble,Fotel biurowy,4,1199.0,760.0
2025-08-16,Zachód,AGD,Pralka Beko,6,1899.0,1480.0
2025-08-18,Wschód,AGD,Ekspres do kawy,6,899.0,640.0
2025-08-18,Wschód,Meble,Biurko dębowe,5,1599.0,1020.0
2025-08-18,Północ,Elektronika,Tablet Lenovo,7,899.0,690.0
2025-08-19,Północ,AGD,Ekspres do kawy,6,899.0,640.0
2025-08-20,Wschód,AGD,Odkurzacz Bosch,6,749.0,520.0
2025-08-21,Południe,Meble,Fotel biurowy,4,1199.0,760.0
2025-08-23,Wschód,Elektronika,Smartfon Xiaomi,6,1299.0,980.0
2025-08-23,Wschód,Elektronika,Laptop Dell,7,3499.0,2750.0
2025-08-23,Wschód,Meble,Fotel biurowy,4,1199.0,760.0
2025-08-23,Południe,Elektronika,Smartfon Xiaomi,7,1299.0,980.0
2025-08-23,Zachód,Elektronika,Słuchawki JBL,7,299.0,175.0
2025-08-24,Zachód,AGD,Odkurzacz Bosch,7,749.0,520.0
2025-08-24,Zachód,AGD,Czajnik Zelmer,6,149.0,92.0
2025-08-24,Północ,Meble,Lampka LED,5,89.0,41.0
2025-08-24,Południe,AGD,Mikrofalówka Amica,6,529.0,385.0
2025-08-24,Południe,Elektronika,Monitor LG,6,1099.0,820.0
2025-08-25,Zachód,Meble,Lampka LED,5,89.0,41.0
2025-08-25,Południe,Meble,Regał Ikea,6,399.0,230.0
2025-08-26,Wschód,Meble,Szafa Nordic,5,2199.0,1490.0
2025-08-26,Północ,Elektronika,Smartfon Xiaomi,6,1299.0,980.0
2025-08-26,Zachód,Meble,Szafa Nordic,5,2199.0,1490.0
2025-08-26,Północ,AGD,Mikrofalówka Amica,5,529.0,385.0
2025-08-27,Południe,Elektronika,Tablet Lenovo,7,899.0,690.0
2025-08-27,Południe,Elektronika,Laptop Dell,8,3499.0,2750.0
2025-08-28,Północ,AGD,Odkurzacz Bosch,5,749.0,520.0
2025-08-28,Południe,Elektronika,Słuchawki JBL,7,299.0,175.0
2025-08-28,Zachód,Meble,Regał Ikea,6,399.0,230.0
2025-09-01,Zachód,Elektronika,Laptop Dell,7,3499.0,2750.0
2025-09-02,Wschód,AGD,Odkurzacz Bosch,7,749.0,520.0
2025-09-02,Południe,Meble,Biurko dębowe,5,1599.0,1020.0
2025-09-03,Zachód,AGD,Czajnik Zelmer,7,149.0,92.0
2025-09-03,Wschód,AGD,Ekspres do kawy,6,899.0,640.0
2025-09-03,Północ,Elektronika,Smartfon Xiaomi,8,1299.0,980.0
2025-09-04,Północ,Meble,Lampka LED,6,89.0,41.0
2025-09-04,Wschód,Elektronika,Słuchawki JBL,8,299.0,175.0
2025-09-05,Północ,Meble,Szafa Nordic,5,2199.0,1490.0
2025-09-06,Wschód,AGD,Mikrofalówka Amica,6,529.0,385.0
2025-09-09,Południe,Meble,Lampka LED,5,89.0,41.0
2025-09-09,Zachód,Elektronika,Monitor LG,8,1099.0,820.0
2025-09-09,Zachód,Elektronika,Słuchawki JBL,8,299.0,175.0
2025-09-10,Południe,AGD,Pralka Beko,7,1899.0,1480.0
2025-09-11,Południe,Elektronika,Monitor LG,7,1099.0,820.0
2025-09-12,Wschód,Meble,Fotel biurowy,5,1199.0,760.0
2025-09-12,Północ,AGD,Ekspres do kawy,5,899.0,640.0
2025-09-12,Południe,AGD,Mikrofalówka Amica,5,529.0,385.0
2025-09-13,Zachód,AGD,Pralka Beko,6,1899.0,1480.0
2025-09-14,Wschód,AGD,Czajnik Zelmer,5,149.0,92.0
2025-09-14,Zachód,Meble,Lampka LED,5,89.0,41.0
2025-09-15,Zachód,AGD,Odkurzacz Bosch,7,749.0,520.0
2025-09-15,Wschód,Meble,Szafa Nordic,6,2199.0,1490.0
2025-09-15,Północ,Elektronika,Słuchawki JBL,8,299.0,175.0
2025-09-15,Północ,Meble,Regał Ikea,5,399.0,230.0
2025-09-16,Północ,AGD,Pralka Beko,7,1899.0,1480.0
2025-09-16,Północ,Meble,Fotel biurowy,5,1199.0,760.0
2025-09-17,Południe,AGD,Czajnik Zelmer,7,149.0,92.0
2025-09-18,Zachód,AGD,Mikrofalówka Amica,7,529.0,385.0
2025-09-18,Południe,Meble,Szafa Nordic,6,2199.0,1490.0
2025-09-19,Zachód,Elektronika,Tablet Lenovo,7,899.0,690.0
2025-09-20,Północ,AGD,Czajnik Zelmer,6,149.0,92.0
2025-09-20,Północ,AGD,Odkurzacz Bosch,7,749.0,520.0
2025-09-20,Wschód,AGD,Pralka Beko,5,1899.0,1480.0
2025-09-22,Wschód,Elektronika,Monitor LG,8,1099.0,820.0
2025-09-22,Północ,Elektronika,Tablet Lenovo,6,899.0,690.0
2025-09-23,Wschód,Meble,Lampka LED,5,89.0,41.0
2025-09-23,Północ,Elektronika,Laptop Dell,7,3499.0,2750.0
2025-09-23,Południe,AGD,Ekspres do kawy,5,899.0,640.0
2025-09-23,Południe,Elektronika,Tablet Lenovo,7,899.0,690.0
2025-09-23,Zachód,Meble,Regał Ikea,5,399.0,230.0
2025-09-24,Wschód,Elektronika,Smartfon Xiaomi,6,1299.0,980.0
2025-09-24,Południe,Elektronika,Smartfon Xiaomi,8,1299.0,980.0
2025-09-25,Południe,Meble,Regał Ikea,6,399.0,230.0
2025-09-25,Wschód,Elektronika,Tablet Lenovo,8,899.0,690.0
2025-09-27,Południe,Meble,Fotel biurowy,5,1199.0,760.0
2025-09-27,Zachód,Elektronika,Smartfon Xiaomi,7,1299.0,980.0
2025-09-27,Zachód,AGD,Ekspres do kawy,8,899.0,640.0
2025-10-01,Zachód,Elektronika,Laptop Dell,6,3499.0,2750.0
2025-10-02,Wschód,Meble,Szafa Nordic,5,2199.0,1490.0
2025-10-03,Północ,Meble,Fotel biurowy,5,1199.0,760.0
2025-10-03,Wschód,AGD,Odkurzacz Bosch,7,749.0,520.0
2025-10-04,Zachód,AGD,Mikrofalówka Amica,6,529.0,385.0
2025-10-04,Wschód,AGD,Mikrofalówka Amica,6,529.0,385.0
2025-10-05,Zachód,AGD,Ekspres do kawy,7,899.0,640.0
2025-10-06,Wschód,Meble,Biurko dębowe,5,1599.0,1020.0
2025-10-06,Północ,Meble,Regał Ikea,6,399.0,230.0
2025-10-07,Południe,AGD,Odkurzacz Bosch,2,749.0,520.0
2025-10-08,Południe,Meble,Regał Ikea,1,399.0,230.0
2025-10-08,Zachód,Elektronika,Monitor LG,7,1099.0,820.0
2025-10-09,Północ,Elektronika,Laptop Dell,8,3499.0,2750.0
2025-10-09,Południe,Elektronika,Smartfon Xiaomi,2,1299.0,980.0
2025-10-10,Południe,Meble,Fotel biurowy,2,1199.0,760.0
2025-10-10,Zachód,Elektronika,Tablet Lenovo,7,899.0,690.0
2025-10-10,Południe,AGD,Czajnik Zelmer,2,149.0,92.0
2025-10-10,Północ,AGD,Mikrofalówka Amica,6,529.0,385.0
2025-10-12,Zachód,AGD,Czajnik Zelmer,5,149.0,92.0
2025-10-12,Wschód,Elektronika,Tablet Lenovo,7,899.0,690.0
2025-10-14,Wschód,Meble,Fotel biurowy,5,1199.0,760.0
2025-10-14,Południe,Elektronika,Monitor LG,2,1099.0,820.0
2025-10-14,Północ,AGD,Ekspres do kawy,7,899.0,640.0
2025-10-15,Wschód,Meble,Lampka LED,5,89.0,41.0
2025-10-16,Wschód,AGD,Pralka Beko,6,1899.0,1480.0
2025-10-16,Północ,Meble,Biurko dębowe,5,1599.0,1020.0
2025-10-17,Północ,Elektronika,Monitor LG,7,1099.0,820.0
2025-10-17,Północ,Meble,Lampka LED,6,89.0,41.0
2025-10-17,Wschód,Elektronika,Słuchawki JBL,7,299.0,175.0
2025-10-17,Południe,Elektronika,Słuchawki JBL,2,299.0,175.0
2025-10-18,Zachód,AGD,Pralka Beko,6,1899.0,1480.0
2025-10-19,Północ,AGD,Czajnik Zelmer,6,149.0,92.0
2025-10-20,Zachód,Meble,Fotel biurowy,6,1199.0,760.0
2025-10-20,Południe,AGD,Pralka Beko,2,1899.0,1480.0
2025-10-22,Północ,Elektronika,Tablet Lenovo,6,899.0,690.0
2025-10-23,Południe,Elektronika,Laptop Dell,2,3499.0,2750.0
2025-10-23,Północ,Meble,Szafa Nordic,6,2199.0,1490.0
2025-10-23,Zachód,AGD,Odkurzacz Bosch,7,749.0,520.0
2025-10-24,Zachód,Elektronika,Słuchawki JBL,8,299.0,175.0
2025-10-24,Wschód,Elektronika,Laptop Dell,7,3499.0,2750.0
2025-10-24,Wschód,AGD,Ekspres do kawy,6,899.0,640.0
2025-10-24,Północ,Elektronika,Smartfon Xiaomi,7,1299.0,980.0
2025-10-24,Południe,Meble,Lampka LED,2,89.0,41.0
2025-10-24,Zachód,Elektronika,Smartfon Xiaomi,7,1299.0,980.0
2025-10-24,Wschód,Meble,Regał Ikea,4,399.0,230.0
2025-10-27,Południe,Elektronika,Tablet Lenovo,2,899.0,690.0
2025-10-28,Zachód,Meble,Biurko dębowe,6,1599.0,1020.0
2025-10-28,Południe,AGD,Ekspres do kawy,2,899.0,640.0
2025-11-01,Północ,Elektronika,Słuchawki JBL,7,299.0,175.0
2025-11-02,Północ,AGD,Mikrofalówka Amica,7,529.0,385.0
2025-11-04,Północ,AGD,Odkurzacz Bosch,6,749.0,520.0
2025-11-04,Południe,Elektronika,Smartfon Xiaomi,2,1299.0,980.0
2025-11-05,Zachód,AGD,Czajnik Zelmer,5,149.0,92.0
2025-11-05,Zachód,Meble,Biurko dębowe,5,1599.0,1020.0
2025-11-06,Wschód,Meble,Fotel biurowy,5,1199.0,760.0
2025-11-06,Północ,AGD,Czajnik Zelmer,7,149.0,92.0
2025-11-06,Wschód,AGD,Pralka Beko,7,1899.0,1480.0
2025-11-07,Południe,Elektronika,Monitor LG,1,1099.0,820.0
2025-11-08,Zachód,Meble,Lampka LED,6,89.0,41.0
2025-11-08,Wschód,Elektronika,Słuchawki JBL,7,299.0,175.0
2025-11-09,Zachód,AGD,Ekspres do kawy,6,899.0,640.0
2025-11-09,Wschód,AGD,Ekspres do kawy,5,899.0,640.0
2025-11-09,Zachód,Elektronika,Laptop Dell,9,3499.0,2750.0
2025-11-09,Północ,Meble,Szafa Nordic,5,2199.0,1490.0
2025-11-09,Południe,Elektronika,Laptop Dell,2,3499.0,2750.0
2025-11-10,Północ,Elektronika,Laptop Dell,7,3499.0,2750.0
2025-11-10,Wschód,AGD,Mikrofalówka Amica,6,529.0,385.0
2025-11-13,Wschód,Elektronika,Tablet Lenovo,6,899.0,690.0
2025-11-14,Południe,AGD,Pralka Beko,1,1899.0,1480.0
2025-11-14,Południe,Elektronika,Tablet Lenovo,1,899.0,690.0
2025-11-16,Zachód,Elektronika,Słuchawki JBL,7,299.0,175.0
2025-11-16,Zachód,AGD,Pralka Beko,6,1899.0,1480.0
2025-11-16,Zachód,Meble,Szafa Nordic,6,2199.0,1490.0
2025-11-16,Zachód,Meble,Regał Ikea,5,399.0,230.0
2025-11-16,Południe,AGD,Czajnik Zelmer,1,149.0,92.0
2025-11-16,Północ,Meble,Lampka LED,5,89.0,41.0
2025-11-17,Zachód,Elektronika,Smartfon Xiaomi,8,1299.0,980.0
2025-11-18,Zachód,Meble,Fotel biurowy,5,1199.0,760.0
2025-11-18,Południe,Meble,Fotel biurowy,1,1199.0,760.0
2025-11-18,Północ,Elektronika,Smartfon Xiaomi,7,1299.0,980.0
2025-11-19,Południe,Meble,Lampka LED,1,89.0,41.0
2025-11-19,Wschód,Meble,Lampka LED,6,89.0,41.0
2025-11-19,Południe,Meble,Szafa Nordic,1,2199.0,1490.0
2025-11-19,Południe,Meble,Biurko dębowe,1,1599.0,1020.0
2025-11-21,Zachód,Elektronika,Monitor LG,6,1099.0,820.0
2025-11-21,Północ,Elektronika,Tablet Lenovo,7,899.0,690.0
2025-11-22,Północ,AGD,Pralka Beko,7,1899.0,1480.0
2025-11-22,Północ,AGD,Ekspres do kawy,7,899.0,640.0
2025-11-23,Wschód,Elektronika,Laptop Dell,6,3499.0,2750.0
2025-11-24,Południe,Elektronika,Słuchawki JBL,2,299.0,175.0
2025-11-26,Wschód,AGD,Czajnik Zelmer,6,149.0,92.0
2025-11-28,Północ,Meble,Biurko dębowe,4,1599.0,1020.0
2025-11-28,Wschód,Meble,Regał Ikea,6,399.0,230.0
2025-11-28,Wschód,AGD,Odkurzacz Bosch,7,749.0,520.0
2025-11-28,Wschód,Elektronika,Smartfon Xiaomi,6,1299.0,980.0
2025-11-28,Południe,AGD,Odkurzacz Bosch,1,749.0,520.0
2025-12-01,Zachód,AGD,Ekspres do kawy,8,899.0,640.0
2025-12-01,Północ,Elektronika,Laptop Dell,9,3499.0,2750.0
2025-12-01,Południe,AGD,Ekspres do kawy,1,899.0,640.0
2025-12-03,Południe,AGD,Czajnik Zelmer,1,149.0,92.0
2025-12-04,Wschód,Meble,Biurko dębowe,4,1599.0,1020.0
2025-12-05,Północ,Elektronika,Monitor LG,8,1099.0,820.0
2025-12-05,Wschód,Meble,Fotel biurowy,5,1199.0,760.0
2025-12-05,Wschód,Elektronika,Tablet Lenovo,7,899.0,690.0
2025-12-05,Północ,AGD,Odkurzacz Bosch,6,749.0,520.0
2025-12-06,Wschód,Elektronika,Laptop Dell,8,3499.0,2750.0
2025-12-06,Północ,Elektronika,Słuchawki JBL,7,299.0,175.0
2025-12-06,Zachód,Meble,Fotel biurowy,5,1199.0,760.0
2025-12-07,Północ,Meble,Biurko dębowe,6,1599.0,1020.0
2025-12-08,Wschód,AGD,Mikrofalówka Amica,6,529.0,385.0
2025-12-08,Zachód,Elektronika,Monitor LG,7,1099.0,820.0
2025-12-09,Północ,Elektronika,Tablet Lenovo,8,899.0,690.0
2025-12-09,Zachód,Elektronika,Słuchawki JBL,9,299.0,175.0
2025-12-11,Południe,Elektronika,Tablet Lenovo,1,899.0,690.0
2025-12-12,Południe,Meble,Lampka LED,1,89.0,41.0
2025-12-12,Wschód,AGD,Czajnik Zelmer,6,149.0,92.0
2025-12-13,Południe,Elektronika,Monitor LG,1,1099.0,820.0
2025-12-14,Zachód,AGD,Pralka Beko,6,1899.0,1480.0
2025-12-14,Wschód,Elektronika,Słuchawki JBL,7,299.0,175.0
2025-12-14,Wschód,AGD,Ekspres do kawy,7,899.0,640.0
2025-12-15,Południe,AGD,Mikrofalówka Amica,1,529.0,385.0
2025-12-17,Zachód,Elektronika,Tablet Lenovo,9,899.0,690.0
2025-12-19,Zachód,AGD,Czajnik Zelmer,7,149.0,92.0
2025-12-19,Zachód,Meble,Biurko dębowe,6,1599.0,1020.0
2025-12-19,Zachód,AGD,Odkurzacz Bosch,8,749.0,520.0
2025-12-19,Południe,Meble,Biurko dębowe,1,1599.0,1020.0
2025-12-20,Zachód,Meble,Regał Ikea,5,399.0,230.0
2025-12-20,Zachód,Elektronika,Laptop Dell,9,3499.0,2750.0
2025-12-21,Wschód,AGD,Pralka Beko,5,1899.0,1480.0
2025-12-21,Południe,Elektronika,Laptop Dell,1,3499.0,2750.0
2025-12-21,Północ,Elektronika,Smartfon Xiaomi,7,1299.0,980.0
2025-12-21,Zachód,Meble,Szafa Nordic,6,2199.0,1490.0
2025-12-22,Południe,Elektronika,Smartfon Xiaomi,1,1299.0,980.0
2025-12-22,Południe,Meble,Fotel biurowy,1,1199.0,760.0
2025-12-24,Wschód,Meble,Lampka LED,5,89.0,41.0
2025-12-24,Południe,Meble,Szafa Nordic,1,2199.0,1490.0
2025-12-25,Południe,AGD,Pralka Beko,1,1899.0,1480.0
2025-12-26,Północ,Meble,Regał Ikea,5,399.0,230.0
2025-12-27,Wschód,Elektronika,Monitor LG,7,1099.0,820.0
2025-12-27,Północ,AGD,Pralka Beko,6,1899.0,1480.0
2025-12-28,Północ,AGD,Mikrofalówka Amica,6,529.0,385.0
2025-12-28,Wschód,Meble,Szafa Nordic,5,2199.0,1490.0
2025-12-28,Północ,Meble,Lampka LED,6,89.0,41.0
2025-12-28,Północ,Meble,Szafa Nordic,5,2199.0,1490.0
