klient_id,wiek,miasto,typ_karnetu,oplata_mies,staz_mies,wizyty_mies,zgloszenia,zrezygnowal
K1342,45,Gdańsk,Basic,99.0,20,1.2,0,1
K0802,34,Poznań,Standard,119.0,17,7.6,1,0
K0240,34,Warszawa,Basic,99.0,5,5.1,1,0
K0144,46,Poznań,Basic,99.0,52,2.4,0,0
K0619,48,Wrocław,Basic,99.0,52,6.1,1,0
K1394,46,Warszawa,Basic,79.0,33,3.8,2,0
K0691,24,Warszawa,Basic,99.0,44,14.5,2,1
K1109,43,Gdańsk,Standard,139.0,60,4.4,0,0
K1195,32,Warszawa,Basic,89.0,6,3.9,4,1
K0970,36,Gdańsk,Basic,99.0,7,5.4,1,0
K0335,36,Warszawa,Standard,139.0,34,3.4,0,0
K0353,51,Kraków,Basic,99.0,6,7.5,0,0
K1391,18,Kraków,Basic,99.0,37,5.0,1,0
K0864,24,Wrocław,Standard,119.0,35,6.9,1,0
K0766,43,Warszawa,Standard,139.0,42,6.0,0,0
K1057,34,Poznań,Standard,139.0,27,6.3,2,0
K0985,38,Poznań,Basic,99.0,39,4.4,0,0
K0386,36,Warszawa,Basic,99.0,2,1.4,1,1
K1257,54,Warszawa,Standard,139.0,60,4.2,0,0
K0520,35,Warszawa,Basic,89.0,3,16.6,0,0
K0485,28,Kraków,Basic,79.0,42,3.0,2,0
K1130,17,Gdańsk,Standard,139.0,11,1.1,0,1
K0782,41,Gdańsk,Standard,139.0,39,2.6,1,0
K1106,41,Kraków,Standard,139.0,1,8.9,0,0
K0826,34,Warszawa,Standard,139.0,13,9.3,2,0
K0950,59,Wrocław,Basic,99.0,60,3.9,1,0
K0827,37,Wrocław,Basic,99.0,12,3.3,0,0
K0665,16,Poznań,Premium,199.0,35,5.5,0,1
K0906,33,Kraków,Premium,199.0,54,2.1,1,1
K0548,28,Warszawa,Basic,99.0,26,7.6,2,0
K0308,44,Wrocław,Basic,99.0,14,7.7,2,0
K0955,28,Wrocław,Basic,99.0,54,3.7,1,0
K1498,45,Gdańsk,Basic,89.0,60,3.1,0,0
K1116,23,Warszawa,Basic,99.0,54,9.1,0,0
K1166,40,Kraków,Premium,199.0,56,11.3,0,0
K1255,20,Gdańsk,Basic,99.0,14,2.0,2,1
K0200,44,Warszawa,Basic,89.0,48,0.5,1,1
K0700,34,Warszawa,Standard,129.0,50,6.4,0,0
K0706,38,Wrocław,Basic,99.0,12,5.3,2,0
K0158,45,Warszawa,Basic,79.0,55,9.5,0,0
K1122,33,Kraków,Basic,99.0,42,5.1,1,0
K0591,27,Gdańsk,Basic,79.0,9,5.6,1,0
K1223,53,Warszawa,Standard,129.0,31,3.4,3,1
K0602,39,Poznań,Standard,139.0,46,3.0,0,0
K0503,29,Warszawa,Premium,199.0,3,5.8,2,1
K0271,33,Gdańsk,Basic,99.0,10,8.5,0,0
K0465,20,Wrocław,Basic,99.0,51,2.8,1,0
K0355,24,Warszawa,Basic,99.0,26,8.0,1,1
K0274,42,Kraków,Standard,139.0,40,2.1,0,0
K1316,40,Warszawa,Premium,199.0,50,6.4,1,0
K1117,30,Poznań,Basic,99.0,56,12.6,1,0
K0269,22,Warszawa,Premium,199.0,42,6.8,2,0
K0077,17,Warszawa,Basic,99.0,24,5.3,2,0
K0469,36,Warszawa,Basic,99.0,32,6.6,1,0
K0502,46,Kraków,Basic,79.0,5,7.3,2,0
K1171,24,Gdańsk,Standard,139.0,45,6.6,1,0
K1293,57,Kraków,Basic,89.0,29,8.9,2,0
K0046,41,Warszawa,Standard,139.0,14,2.8,5,1
K0015,38,Kraków,Standard,139.0,34,4.9,1,0
K1041,26,Warszawa,Premium,189.0,54,1.6,1,0
K0493,33,Warszawa,Standard,139.0,5,6.3,1,0
K1059,44,Warszawa,Basic,89.0,18,4.3,2,1
K0874,33,Poznań,Basic,89.0,17,15.9,0,0
K0247,34,Warszawa,Standard,129.0,14,13.5,2,0
K0666,33,Kraków,Basic,89.0,30,1.9,0,1
K0449,33,Warszawa,Standard,129.0,27,10.6,0,0
K1037,19,Gdańsk,Basic,99.0,45,8.7,0,0
K1495,41,Wrocław,Basic,99.0,12,6.9,0,1
K0969,24,Poznań,Premium,199.0,55,10.4,1,0
K0668,33,Gdańsk,Premium,199.0,32,1.4,1,1
K0478,40,Wrocław,Premium,189.0,20,11.8,1,0
K1280,33,Gdańsk,Standard,139.0,42,2.1,0,0
K0504,40,Warszawa,Basic,79.0,50,3.5,3,0
K0446,18,Kraków,Basic,99.0,5,12.3,1,0
K1416,53,Wrocław,Basic,99.0,31,12.0,1,0
K0103,30,Gdańsk,Standard,139.0,23,2.2,1,1
K1455,35,Kraków,Basic,89.0,17,6.0,0,0
K1095,36,Kraków,Basic,99.0,23,13.6,1,0
K0418,31,Wrocław,Standard,139.0,3,2.6,3,1
K0306,16,Warszawa,Basic,99.0,41,3.7,1,0
K1043,40,Warszawa,Standard,139.0,51,1.8,1,0
K1035,42,Gdańsk,Premium,199.0,58,4.6,0,0
K1322,23,Kraków,Premium,199.0,27,5.3,0,0
K0506,31,Wrocław,Basic,79.0,16,6.9,0,1
K1186,43,Poznań,Basic,89.0,1,6.9,0,0
K0545,41,Kraków,Standard,139.0,15,8.6,0,0
K0388,37,Gdańsk,Premium,199.0,53,4.4,2,0
K0072,20,Poznań,Basic,79.0,7,6.8,2,0
K0076,26,Poznań,Standard,139.0,2,10.0,0,0
K0143,33,Kraków,Basic,99.0,33,8.6,0,0
K0279,33,Poznań,Basic,99.0,6,7.8,1,0
K0480,29,Poznań,Premium,199.0,38,9.5,1,0
K1482,16,Wrocław,Basic,99.0,58,0.6,0,0
K0774,51,Gdańsk,Standard,139.0,42,6.9,2,0
K0241,17,Warszawa,Standard,119.0,49,5.6,0,0
K0495,39,Warszawa,Premium,199.0,30,9.2,0,0
K0527,40,Warszawa,Premium,199.0,6,8.4,0,0
K1314,30,Warszawa,Basic,99.0,35,14.4,1,0
K0184,37,Warszawa,Premium,199.0,6,11.4,0,0
K1243,35,Warszawa,Premium,199.0,39,18.7,1,0
K0643,43,Wrocław,Basic,89.0,7,6.2,2,0
K0070,42,Poznań,Basic,99.0,29,16.1,0,0
K1286,35,Wrocław,Standard,139.0,15,9.9,1,0
K0613,20,Poznań,Premium,189.0,2,2.5,2,0
K0463,34,Gdańsk,Premium,199.0,37,5.1,1,0
K0419,20,Warszawa,Basic,99.0,30,7.9,1,0
K0783,30,Warszawa,Premium,189.0,9,18.5,1,0
K0702,41,Kraków,Basic,99.0,26,8.0,0,1
K0722,42,Gdańsk,Standard,139.0,6,8.6,1,0
K0814,35,Warszawa,Basic,99.0,53,2.3,0,1
K0287,36,Warszawa,Standard,139.0,33,4.4,1,0
K1283,33,Gdańsk,Standard,139.0,31,3.4,1,0
K1147,16,Wrocław,Standard,139.0,34,9.2,0,0
K1304,28,Warszawa,Premium,199.0,12,10.6,0,0
K1164,30,Wrocław,Basic,99.0,45,2.4,0,0
K1239,36,Kraków,Basic,99.0,19,6.7,3,0
K1047,36,Poznań,Standard,139.0,59,4.4,1,1
K0673,40,Poznań,Standard,139.0,43,1.9,1,0
K0366,30,Poznań,Basic,89.0,12,6.6,2,0
K0772,33,Warszawa,Standard,119.0,44,1.7,3,1
K1300,16,Warszawa,Premium,189.0,31,6.3,0,0
K0242,24,Warszawa,Premium,189.0,19,4.8,2,0
K0319,33,Warszawa,Basic,99.0,31,6.0,1,0
K0312,32,Kraków,Premium,199.0,60,16.0,0,0
K0796,37,Warszawa,Standard,139.0,21,5.4,0,0
K0309,25,Gdańsk,Standard,139.0,57,7.2,2,0
K0825,25,Kraków,Basic,99.0,19,7.0,0,0
K0432,49,Wrocław,Basic,99.0,7,2.1,1,1
K0182,38,Wrocław,Standard,139.0,51,4.5,0,0
K0843,21,Warszawa,Basic,99.0,43,3.2,0,1
K1178,25,Warszawa,Standard,139.0,5,0.7,1,1
K0069,44,Poznań,Standard,139.0,9,4.3,1,0
K0927,30,Wrocław,Basic,89.0,14,2.5,0,0
K0198,33,Poznań,Basic,99.0,36,5.4,0,0
K0854,27,Gdańsk,Basic,89.0,28,8.8,0,0
K0930,42,Warszawa,Basic,89.0,39,6.3,0,0
K0284,25,Gdańsk,Standard,139.0,11,12.0,1,1
K1189,23,Poznań,Standard,139.0,40,7.0,1,0
K0059,45,Warszawa,Basic,89.0,18,5.9,1,1
K0838,43,Warszawa,Basic,99.0,10,3.0,0,0
K0138,42,Warszawa,Premium,199.0,51,5.8,0,0
K0889,30,Wrocław,Standard,139.0,59,8.7,0,0
K0324,35,Warszawa,Standard,139.0,2,2.5,1,0
K0758,34,Warszawa,Premium,199.0,6,5.0,2,1
K0926,34,Warszawa,Standard,129.0,45,8.5,1,0
K0205,32,Kraków,Standard,119.0,36,4.1,0,1
K1073,34,Warszawa,Basic,99.0,51,8.2,0,0
K1264,30,Poznań,Basic,99.0,19,4.1,2,1
K1202,31,Wrocław,Standard,139.0,16,2.6,0,0
K0720,42,Warszawa,Basic,99.0,49,7.8,2,0
K0695,46,Poznań,Standard,139.0,25,6.5,2,0
K0403,44,Kraków,Basic,79.0,4,3.7,1,1
K1019,36,Wrocław,Standard,139.0,6,4.9,2,1
K0683,41,Kraków,Standard,139.0,34,5.5,0,0
K1145,22,Warszawa,Standard,139.0,50,5.0,3,0
K1439,51,Wrocław,Basic,99.0,46,5.1,0,0
K0482,26,Wrocław,Basic,99.0,58,3.2,0,0
K0733,33,Gdańsk,Standard,139.0,17,5.4,0,0
K0266,31,Warszawa,Basic,89.0,59,4.9,1,0
K0102,21,Wrocław,Basic,99.0,54,14.1,0,0
K1126,35,Poznań,Basic,99.0,18,1.3,0,0
K1267,34,Gdańsk,Premium,199.0,1,2.5,2,1
K1388,35,Wrocław,Standard,119.0,34,0.9,1,1
K1136,32,Warszawa,Basic,99.0,50,9.2,1,0
K1354,43,Warszawa,Basic,99.0,45,6.7,2,0
K0620,28,Poznań,Basic,79.0,7,8.4,1,0
K1497,31,Wrocław,Basic,99.0,26,4.7,1,0
K0847,35,Warszawa,Standard,139.0,45,9.9,1,0
K0845,16,Warszawa,Standard,119.0,58,4.7,0,0
K0775,22,Wrocław,Basic,79.0,12,2.5,0,0
K0146,32,Poznań,Basic,89.0,10,3.9,1,1
K0473,42,Kraków,Basic,99.0,49,10.4,0,0
K0404,38,Kraków,Basic,99.0,20,16.7,1,0
K0066,49,Wrocław,Premium,199.0,8,4.6,0,1
K1069,45,Gdańsk,Basic,89.0,35,4.8,5,1
K1261,25,Wrocław,Premium,189.0,44,1.4,0,0
K1337,35,Warszawa,Standard,139.0,7,9.0,0,0
K0682,28,Warszawa,Standard,139.0,13,7.8,0,0
K0273,16,Wrocław,Premium,199.0,22,1.6,1,1
K0933,31,Warszawa,Basic,99.0,14,9.5,0,0
K1167,29,Kraków,Basic,99.0,33,6.4,2,0
K1481,28,Wrocław,Standard,139.0,16,3.1,0,0
K1366,31,Poznań,Premium,199.0,22,5.6,1,0
K0333,37,Kraków,Basic,99.0,42,5.0,1,0
K0862,33,Poznań,Standard,129.0,12,7.8,1,0
K0604,22,Warszawa,Basic,89.0,1,4.4,0,0
K0800,16,Warszawa,Basic,99.0,19,4.0,1,1
K1357,26,Poznań,Basic,99.0,38,9.8,2,0
K1326,32,Gdańsk,Standard,129.0,35,4.8,1,0
K0811,48,Gdańsk,Basic,89.0,15,8.4,0,0
K1307,16,Warszawa,Basic,99.0,32,7.9,1,0
K1181,33,Warszawa,Basic,99.0,57,2.6,2,0
K1382,36,Wrocław,Standard,129.0,2,6.7,2,1
K1200,33,Warszawa,Basic,99.0,12,5.2,0,0
K0824,29,Warszawa,Standard,139.0,18,6.7,0,0
K1445,53,Poznań,Standard,139.0,27,4.8,0,0
K0788,24,Kraków,Premium,199.0,12,6.6,0,0
K1259,31,Warszawa,Standard,139.0,20,1.3,0,1
K0047,21,Warszawa,Standard,129.0,6,11.2,2,1
K0625,39,Wrocław,Standard,139.0,34,1.9,2,1
K1097,16,Gdańsk,Premium,199.0,31,4.6,1,1
K0458,39,Warszawa,Standard,139.0,15,2.7,2,1
K0406,50,Warszawa,Standard,129.0,13,10.8,0,0
K1470,20,Warszawa,Basic,99.0,29,8.6,1,0
K0094,35,Warszawa,Standard,129.0,4,5.8,0,0
K0918,16,Kraków,Premium,199.0,54,2.5,0,0
K0757,42,Warszawa,Standard,139.0,57,3.1,1,0
K0231,34,Poznań,Basic,99.0,35,11.5,1,0
K0373,53,Gdańsk,Premium,199.0,49,10.0,1,0
K0264,24,Warszawa,Standard,139.0,51,3.0,0,0
K0795,31,Wrocław,Premium,199.0,2,3.4,2,1
K0302,36,Gdańsk,Basic,99.0,25,3.9,0,0
K0957,36,Warszawa,Standard,139.0,15,5.7,0,1
K0981,58,Warszawa,Premium,199.0,55,5.6,0,0
K0999,19,Warszawa,Basic,99.0,54,3.0,1,0
K0471,38,Poznań,Basic,99.0,56,3.4,0,0
K0174,50,Gdańsk,Premium,199.0,52,5.4,0,0
K0689,28,Warszawa,Standard,139.0,16,9.9,0,0
K0987,28,Kraków,Basic,99.0,21,4.1,0,0
K1256,23,Poznań,Premium,199.0,59,7.1,2,0
K0822,25,Warszawa,Standard,139.0,48,5.4,0,0
K0580,37,Warszawa,Standard,139.0,39,3.0,0,0
K0953,41,Warszawa,Basic,99.0,42,1.7,1,0
K1438,37,Warszawa,Basic,99.0,52,10.9,1,0
K1350,34,Poznań,Basic,99.0,38,9.5,0,1
K1405,46,Warszawa,Standard,129.0,9,13.3,2,0
K0453,33,Poznań,Basic,89.0,35,1.9,2,0
K1096,24,Warszawa,Basic,79.0,20,2.3,0,0
K1252,51,Kraków,Basic,89.0,6,14.8,0,0
K1148,24,Warszawa,Basic,99.0,57,12.5,0,0
K0730,20,Poznań,Standard,139.0,54,9.7,0,0
K0288,30,Warszawa,Premium,189.0,38,12.3,1,0
K0964,26,Gdańsk,Basic,89.0,28,9.2,0,0
K0497,35,Kraków,Standard,139.0,17,11.3,0,0
K0227,16,Poznań,Standard,139.0,41,3.8,0,0
K0509,26,Gdańsk,Basic,99.0,47,4.4,0,0
K0115,26,Kraków,Basic,89.0,1,2.8,0,1
K1159,30,Kraków,Basic,79.0,12,6.7,3,0
K0334,38,Warszawa,Standard,139.0,45,6.4,1,0
K0124,31,Warszawa,Basic,99.0,29,4.8,0,0
K0716,30,Warszawa,Standard,139.0,54,4.0,5,1
K0678,33,Warszawa,Basic,79.0,41,6.4,1,0
K0550,22,Kraków,Premium,189.0,47,5.0,0,0
K0018,40,Wrocław,Basic,99.0,9,7.4,3,0
K1132,33,Kraków,Premium,179.0,34,7.3,0,0
K1369,26,Warszawa,Premium,199.0,30,2.7,0,1
K0561,25,Gdańsk,Premium,189.0,38,9.4,1,0
K1124,32,Kraków,Basic,99.0,15,9.1,1,0
K1321,47,Warszawa,Basic,79.0,8,7.4,2,0
K1291,18,Warszawa,Basic,99.0,46,9.0,0,0
K0249,33,Poznań,Basic,79.0,10,2.5,1,1
K0609,28,Kraków,Standard,119.0,26,3.0,1,0
K0654,45,Kraków,Standard,139.0,23,9.4,1,1
K0554,21,Poznań,Premium,199.0,44,17.5,1,0
K1281,27,Kraków,Premium,179.0,14,2.2,0,1
K0607,43,Poznań,Premium,199.0,34,5.8,2,0
K0034,20,Kraków,Standard,139.0,56,8.9,2,0
K0612,36,Kraków,Basic,99.0,50,8.1,0,1
K1029,49,Wrocław,Premium,199.0,10,3.2,0,1
K0777,33,Warszawa,Standard,139.0,22,2.8,2,1
K0053,26,Warszawa,Basic,99.0,18,9.9,1,0
K0836,30,Wrocław,Basic,99.0,21,13.3,3,0
K0915,28,Warszawa,Basic,89.0,32,16.9,1,0
K1390,33,Wrocław,Standard,139.0,56,4.1,1,0
K0232,26,Poznań,Basic,99.0,7,7.3,1,0
K0848,28,Warszawa,Basic,99.0,35,11.4,2,0
K0585,37,Warszawa,Basic,99.0,60,6.1,1,0
K1207,46,Gdańsk,Basic,89.0,48,11.5,0,0
K1331,49,Poznań,Premium,199.0,40,8.3,0,0
K0113,43,Kraków,Standard,139.0,50,14.0,0,0
K0551,51,Warszawa,Premium,199.0,48,8.6,0,0
K0110,40,Poznań,Basic,89.0,45,2.5,1,0
K0663,20,Gdańsk,Standard,139.0,35,9.4,1,0
K0281,39,Kraków,Standard,139.0,51,7.1,2,0
K0189,33,Kraków,Standard,139.0,14,4.9,1,0
K1332,31,Warszawa,Premium,199.0,34,1.2,0,1
K0746,16,Poznań,Standard,139.0,12,14.6,0,0
K0412,33,Warszawa,Premium,199.0,42,4.5,0,0
K0331,53,Warszawa,Basic,99.0,27,0.7,0,0
K1446,38,Poznań,Standard,139.0,34,6.0,1,0
K0696,39,Warszawa,Premium,189.0,32,8.9,0,1
K1362,33,Warszawa,Standard,139.0,20,11.5,1,0
K0019,16,Warszawa,Basic,99.0,46,4.3,1,0
K0850,29,Kraków,Basic,99.0,55,7.2,0,0
K0337,35,Kraków,Premium,199.0,2,1.6,1,0
K0437,31,Warszawa,Standard,139.0,52,3.3,1,0
K1429,20,Wrocław,Premium,199.0,57,8.3,0,0
K0712,40,Warszawa,Premium,199.0,56,9.4,2,0
K0791,40,Kraków,Basic,99.0,16,7.8,2,0
K0599,16,Warszawa,Premium,199.0,48,8.3,2,0
K0350,25,Wrocław,Standard,139.0,40,4.4,2,0
K1174,62,Kraków,Basic,99.0,30,7.2,1,0
K1196,44,Wrocław,Standard,139.0,45,15.1,1,0
K1161,24,Warszawa,Basic,99.0,7,11.5,1,0
K1241,16,Gdańsk,Standard,139.0,19,6.4,0,0
K0898,27,Poznań,Standard,139.0,13,6.3,1,0
K0257,41,Gdańsk,Basic,89.0,32,6.8,0,0
K0213,39,Warszawa,Basic,99.0,40,7.2,0,0
K0260,35,Warszawa,Standard,139.0,28,4.5,0,0
K0598,24,Warszawa,Basic,99.0,18,5.2,0,1
K1284,24,Gdańsk,Basic,89.0,3,1.8,0,1
K1087,24,Warszawa,Basic,99.0,58,4.5,1,0
K1085,38,Warszawa,Basic,99.0,11,13.3,2,0
K0236,33,Warszawa,Basic,99.0,40,5.3,0,0
K0956,40,Warszawa,Basic,89.0,52,7.8,0,0
K1363,45,Warszawa,Basic,99.0,35,5.5,0,0
K0477,30,Poznań,Premium,179.0,60,4.5,0,0
K1002,16,Poznań,Basic,99.0,11,11.7,0,0
K0022,38,Gdańsk,Basic,99.0,6,12.4,1,0
K1473,38,Warszawa,Basic,99.0,58,9.9,1,0
K0558,37,Warszawa,Basic,99.0,14,13.8,2,0
K0454,29,Wrocław,Standard,139.0,50,4.4,0,0
K0709,35,Gdańsk,Standard,139.0,13,2.1,0,0
K1491,42,Kraków,Standard,139.0,26,10.9,1,0
K0071,23,Gdańsk,Standard,129.0,9,3.8,0,0
K1383,46,Wrocław,Premium,199.0,20,1.7,0,1
K1119,45,Kraków,Standard,139.0,20,3.9,1,1
K0697,37,Kraków,Standard,139.0,56,5.6,1,0
K0357,27,Kraków,Basic,99.0,37,10.6,0,0
K0021,43,Kraków,Standard,139.0,32,2.1,1,0
K1340,30,Kraków,Basic,79.0,55,7.2,1,0
K1138,41,Gdańsk,Standard,139.0,49,7.6,1,0
K1135,50,Warszawa,Premium,199.0,32,5.2,0,0
K1432,39,Kraków,Premium,199.0,23,2.3,0,1
K1345,35,Warszawa,Standard,129.0,58,7.0,1,0
K0573,26,Warszawa,Standard,139.0,36,5.6,0,0
K1067,43,Warszawa,Basic,99.0,40,4.6,0,1
K0383,31,Gdańsk,Standard,139.0,36,5.5,1,0
K0129,21,Wrocław,Standard,119.0,33,7.8,1,0
K0541,18,Warszawa,Standard,129.0,57,14.7,1,0
K0085,32,Kraków,Basic,79.0,43,4.9,1,0
K1272,30,Kraków,Basic,79.0,13,5.0,0,0
K0371,45,Kraków,Basic,79.0,9,4.3,0,1
K0569,19,Warszawa,Standard,139.0,39,3.2,0,0
K0364,31,Gdańsk,Standard,139.0,48,6.3,2,0
K1430,31,Warszawa,Premium,199.0,37,10.5,0,0
K1217,32,Kraków,Basic,79.0,48,8.3,1,0
K0908,20,Poznań,Premium,189.0,25,9.2,2,0
K0860,51,Poznań,Basic,99.0,34,1.0,1,1
K0370,24,Gdańsk,Basic,89.0,42,7.2,0,0
K1406,27,Warszawa,Basic,99.0,41,9.2,0,0
K0008,21,Gdańsk,Basic,99.0,28,3.0,5,0
K1384,42,Wrocław,Basic,99.0,56,6.5,1,0
K0872,38,Gdańsk,Standard,139.0,39,4.7,0,0
K0513,26,Wrocław,Premium,199.0,25,7.7,1,0
K0725,16,Gdańsk,Standard,139.0,53,8.7,1,0
K0399,57,Gdańsk,Standard,129.0,11,9.2,2,1
K0947,18,Warszawa,Basic,99.0,5,10.9,0,0
K0342,30,Warszawa,Premium,199.0,43,8.9,1,0
K1275,32,Wrocław,Premium,199.0,24,4.8,2,0
K0984,34,Warszawa,Basic,99.0,24,5.7,0,0
K0422,32,Kraków,Standard,139.0,14,4.8,1,0
K0048,34,Warszawa,Basic,79.0,50,2.4,0,0
K0401,38,Wrocław,Basic,99.0,23,11.0,0,0
K0186,25,Warszawa,Standard,139.0,31,13.2,0,1
K0172,39,Poznań,Basic,99.0,51,3.4,0,0
K0771,43,Warszawa,Premium,199.0,30,9.6,0,0
K0650,33,Warszawa,Basic,99.0,47,12.3,2,0
K1305,33,Wrocław,Premium,199.0,2,4.5,3,0
K0942,16,Gdańsk,Premium,189.0,26,4.9,2,1
K1441,29,Warszawa,Basic,99.0,28,2.8,1,0
K0062,37,Warszawa,Basic,99.0,49,20.1,1,0
K1260,31,Kraków,Standard,139.0,28,5.8,0,0
K1105,30,Wrocław,Standard,129.0,24,3.3,0,0
K1360,35,Poznań,Standard,119.0,28,7.9,1,0
K0505,37,Wrocław,Basic,79.0,45,4.6,2,0
K0286,20,Poznań,Premium,189.0,6,11.2,0,0
K0195,44,Warszawa,Standard,129.0,47,12.9,0,1
K0652,45,Poznań,Premium,199.0,52,4.2,2,0
K0456,25,Kraków,Basic,99.0,49,6.6,2,0
K1292,38,Warszawa,Basic,99.0,58,1.6,0,0
K0576,33,Wrocław,Basic,99.0,60,1.6,1,0
K0793,32,Warszawa,Standard,139.0,18,13.0,1,0
K0130,36,Warszawa,Standard,119.0,10,4.1,1,0
K0368,29,Warszawa,Basic,99.0,11,3.5,2,1
K1177,31,Warszawa,Standard,139.0,23,2.4,0,0
K0852,29,Warszawa,Premium,199.0,33,5.4,2,1
K0810,40,Kraków,Premium,199.0,55,7.3,0,0
K0667,30,Gdańsk,Basic,99.0,7,11.1,0,0
K1385,39,Gdańsk,Standard,139.0,10,8.5,1,0
K0660,18,Poznań,Premium,189.0,31,3.7,0,0
K1271,38,Gdańsk,Standard,119.0,54,11.4,0,0
K0466,57,Warszawa,Basic,99.0,43,6.7,1,0
K0676,16,Gdańsk,Basic,99.0,36,9.3,2,0
K0954,22,Gdańsk,Standard,139.0,54,3.9,0,0
K0128,44,Warszawa,Premium,199.0,11,2.7,1,1
K1245,51,Wrocław,Premium,199.0,17,11.8,2,1
K0362,34,Gdańsk,Basic,99.0,41,7.3,2,0
K0844,32,Warszawa,Basic,99.0,57,14.2,2,0
K0170,35,Warszawa,Standard,139.0,22,9.1,1,0
K1367,16,Wrocław,Basic,89.0,4,3.8,2,1
K0120,31,Warszawa,Standard,139.0,57,11.8,1,0
K1463,46,Gdańsk,Standard,139.0,48,2.8,2,0
K0785,39,Warszawa,Basic,99.0,48,1.9,1,0
K1346,45,Warszawa,Standard,139.0,50,7.6,0,0
K1168,33,Kraków,Premium,179.0,44,11.8,0,0
K0740,33,Kraków,Basic,79.0,44,14.3,0,0
K1201,35,Wrocław,Basic,79.0,34,9.5,0,0
K1183,32,Gdańsk,Basic,99.0,25,1.4,1,1
K0533,34,Warszawa,Basic,99.0,23,1.5,1,1
K1409,44,Warszawa,Standard,129.0,37,7.8,1,0
K0679,39,Wrocław,Basic,99.0,24,3.5,1,0
K0201,47,Warszawa,Standard,139.0,21,4.0,1,1
K1055,26,Kraków,Basic,89.0,58,6.7,0,0
K0250,16,Warszawa,Basic,99.0,15,9.5,0,0
K0378,33,Warszawa,Basic,79.0,26,2.7,0,0
K0147,30,Wrocław,Basic,99.0,55,11.2,1,0
K0626,29,Poznań,Standard,129.0,10,16.2,0,0
K1045,40,Gdańsk,Premium,199.0,39,5.0,2,1
K1494,53,Gdańsk,Premium,179.0,60,10.6,0,0
K1466,29,Poznań,Basic,79.0,30,4.7,0,0
K0142,16,Warszawa,Basic,99.0,29,0.9,0,0
K1476,26,Gdańsk,Standard,139.0,31,6.7,1,0
K1040,32,Gdańsk,Basic,89.0,51,3.7,1,0
K0526,33,Gdańsk,Standard,139.0,9,4.8,1,1
K0356,21,Gdańsk,Standard,139.0,43,3.1,1,0
K0924,45,Warszawa,Premium,189.0,56,8.2,1,0
K0336,27,Warszawa,Basic,99.0,32,4.7,0,0
K0068,35,Poznań,Basic,99.0,43,11.2,2,0
K1393,33,Warszawa,Basic,89.0,44,1.8,3,1
K1499,25,Warszawa,Basic,99.0,6,9.0,1,0
K0420,34,Wrocław,Standard,139.0,25,8.9,1,0
K1411,41,Kraków,Basic,99.0,22,9.8,0,0
K0083,33,Warszawa,Standard,139.0,6,8.7,0,0
K0326,31,Wrocław,Standard,139.0,50,5.9,0,0
K0931,33,Warszawa,Basic,99.0,27,3.7,3,1
K0042,58,Poznań,Basic,99.0,7,7.0,2,0
K0016,37,Poznań,Premium,199.0,42,7.0,2,0
K0159,33,Kraków,Basic,99.0,8,6.4,1,0
K1435,32,Warszawa,Basic,99.0,38,6.4,0,1
K0858,32,Gdańsk,Standard,129.0,55,3.3,1,0
K0769,32,Warszawa,Basic,99.0,39,6.5,0,0
K0871,37,Poznań,Standard,139.0,38,6.1,0,0
K0574,29,Gdańsk,Standard,139.0,6,3.1,0,1
K0644,45,Kraków,Basic,99.0,8,4.8,0,0
K1172,50,Wrocław,Standard,139.0,31,2.2,0,0
K0962,45,Poznań,Standard,139.0,45,8.3,3,0
K1038,33,Poznań,Basic,89.0,59,1.6,0,0
K0583,23,Poznań,Basic,99.0,14,6.6,3,1
K1356,42,Poznań,Standard,139.0,33,2.5,2,1
K0910,29,Poznań,Premium,199.0,48,2.8,2,1
K1185,27,Kraków,Standard,139.0,58,9.2,1,0
K0944,44,Warszawa,Basic,99.0,30,3.8,2,0
K0100,26,Kraków,Standard,139.0,2,5.0,2,0
K0329,23,Kraków,Premium,199.0,15,5.0,0,0
K1329,45,Kraków,Standard,139.0,11,4.6,0,0
K0530,50,Warszawa,Premium,199.0,52,5.2,0,1
K1197,36,Warszawa,Basic,99.0,25,2.8,0,1
K0084,33,Kraków,Basic,89.0,12,13.3,1,1
K0003,26,Warszawa,Standard,139.0,40,6.0,0,0
K0797,25,Poznań,Basic,89.0,22,7.9,2,0
K1318,37,Warszawa,Premium,199.0,41,5.7,2,1
K1098,26,Kraków,Basic,99.0,37,13.1,3,0
K1374,48,Wrocław,Standard,139.0,59,2.3,0,0
K1062,16,Warszawa,Premium,199.0,8,5.2,0,1
K1091,17,Wrocław,Premium,199.0,19,2.9,0,0
K0216,36,Gdańsk,Basic,79.0,6,15.9,0,0
K1279,39,Poznań,Basic,99.0,27,15.7,1,0
K1485,25,Kraków,Basic,99.0,54,4.2,1,0
K0705,16,Kraków,Basic,89.0,29,2.5,1,0
K0081,29,Wrocław,Basic,99.0,29,5.8,0,0
K1371,16,Warszawa,Premium,199.0,55,11.0,0,0
K0038,33,Gdańsk,Basic,99.0,19,3.8,2,1
K1450,17,Wrocław,Standard,119.0,49,3.2,0,1
K1052,38,Kraków,Basic,99.0,49,4.1,0,0
K0912,36,Warszawa,Basic,89.0,51,11.4,0,0
K1044,22,Kraków,Standard,129.0,40,11.5,1,0
K0392,33,Gdańsk,Basic,99.0,47,4.3,0,0
K0183,27,Kraków,Premium,179.0,10,4.0,1,1
K0375,33,Wrocław,Premium,199.0,28,1.4,0,1
K1433,33,Warszawa,Standard,129.0,18,6.4,0,0
K1026,33,Poznań,Basic,99.0,3,2.6,0,1
K0489,31,Warszawa,Premium,199.0,1,5.8,3,1
K0067,32,Warszawa,Basic,99.0,23,2.6,1,1
K0923,23,Poznań,Premium,199.0,24,1.0,0,1
K0749,35,Warszawa,Standard,139.0,8,1.9,0,1
K0408,20,Warszawa,Standard,139.0,42,2.3,0,0
K0587,20,Poznań,Basic,99.0,25,7.5,0,0
K1403,36,Warszawa,Standard,129.0,6,8.2,0,0
K0430,46,Gdańsk,Premium,199.0,19,1.4,1,0
K0173,16,Warszawa,Standard,129.0,16,1.3,0,1
K0594,18,Kraków,Basic,99.0,20,8.1,0,0
K1294,27,Warszawa,Basic,89.0,29,4.7,1,0
K0728,29,Poznań,Standard,139.0,19,4.2,0,0
K0488,48,Warszawa,Standard,139.0,14,9.7,1,0
K0285,52,Kraków,Premium,199.0,34,11.4,1,1
K1368,36,Kraków,Basic,99.0,41,7.3,0,1
K0815,42,Warszawa,Basic,79.0,25,5.1,0,1
K1212,32,Warszawa,Premium,199.0,3,6.2,0,1
K1254,30,Warszawa,Standard,139.0,5,5.6,0,0
K1273,31,Warszawa,Basic,99.0,2,4.9,0,0
K0233,35,Kraków,Premium,199.0,4,4.2,0,0
K1418,16,Kraków,Basic,89.0,49,4.3,1,0
K0565,37,Poznań,Basic,89.0,37,3.8,0,0
K0280,47,Warszawa,Basic,99.0,52,5.7,2,0
K0932,39,Wrocław,Standard,139.0,24,3.3,1,0
K0892,29,Warszawa,Standard,139.0,34,13.2,1,1
K0664,33,Wrocław,Basic,99.0,50,6.6,0,0
K1049,37,Warszawa,Premium,199.0,23,5.8,0,0
K0557,39,Poznań,Standard,129.0,51,5.5,1,0
K1452,26,Wrocław,Standard,139.0,42,2.4,1,0
K1309,46,Kraków,Premium,179.0,36,7.9,1,0
K0737,48,Wrocław,Basic,99.0,44,3.3,0,0
K0581,23,Gdańsk,Standard,139.0,10,5.9,2,1
K0628,29,Kraków,Standard,129.0,18,13.1,1,0
K0461,46,Gdańsk,Premium,179.0,17,2.2,0,1
K1287,16,Warszawa,Standard,119.0,58,10.2,1,0
K1242,35,Warszawa,Premium,189.0,33,6.5,1,0
K0061,22,Kraków,Standard,139.0,32,3.8,1,0
K0202,50,Poznań,Standard,139.0,11,1.8,1,1
K0400,41,Kraków,Standard,119.0,37,4.0,1,1
K0029,37,Wrocław,Basic,89.0,54,1.6,1,0
K0601,31,Kraków,Standard,139.0,18,1.9,0,0
K0542,16,Warszawa,Premium,199.0,12,2.1,0,1
K1216,40,Warszawa,Basic,79.0,16,5.9,1,0
K0543,43,Poznań,Standard,139.0,26,3.9,2,0
K0452,39,Warszawa,Basic,79.0,30,2.8,0,0
K0886,38,Kraków,Basic,89.0,29,1.3,2,1
K0127,39,Gdańsk,Standard,139.0,49,6.7,2,0
K0983,50,Wrocław,Standard,139.0,16,5.0,0,0
K0348,44,Wrocław,Basic,99.0,47,4.2,0,0
K1007,19,Poznań,Premium,199.0,15,3.5,0,1
K0117,45,Warszawa,Basic,99.0,23,6.6,0,0
K0105,40,Kraków,Standard,139.0,58,6.8,0,0
K0849,42,Kraków,Premium,199.0,3,6.9,0,1
K0380,41,Kraków,Standard,129.0,9,4.9,0,0
K0536,35,Wrocław,Basic,99.0,32,5.9,2,0
K0352,25,Gdańsk,Standard,139.0,18,2.0,0,1
K0294,48,Gdańsk,Basic,89.0,10,4.8,0,0
K1460,33,Wrocław,Basic,79.0,57,2.2,1,0
K1240,21,Warszawa,Standard,139.0,56,3.9,0,0
K1080,41,Wrocław,Basic,99.0,18,2.9,1,1
K1032,42,Wrocław,Standard,139.0,15,7.0,0,0
K0092,40,Warszawa,Basic,99.0,19,9.6,1,1
K0024,22,Warszawa,Basic,99.0,16,4.8,1,0
K0887,27,Warszawa,Basic,99.0,27,5.9,0,0
K0992,27,Poznań,Premium,199.0,2,7.2,1,0
K0091,40,Warszawa,Premium,199.0,30,19.6,0,0
K0736,31,Poznań,Basic,99.0,17,2.4,0,1
K0524,39,Warszawa,Standard,139.0,32,8.9,1,1
K0572,38,Kraków,Premium,199.0,21,7.4,0,0
K0790,21,Gdańsk,Standard,119.0,44,10.8,2,0
K0904,23,Wrocław,Basic,89.0,48,9.8,0,0
K0415,25,Poznań,Basic,99.0,4,10.0,2,0
K0978,45,Warszawa,Basic,99.0,28,5.1,1,0
K1165,32,Kraków,Basic,99.0,16,8.1,1,0
K0641,17,Poznań,Premium,199.0,39,2.5,1,1
K0817,16,Warszawa,Standard,139.0,26,4.8,0,0
K1224,21,Poznań,Basic,99.0,32,5.4,0,1
K0745,26,Kraków,Standard,119.0,6,4.4,1,1
K0615,26,Warszawa,Premium,189.0,53,3.6,1,0
K0659,34,Warszawa,Premium,199.0,35,7.9,0,1
K0224,33,Warszawa,Standard,139.0,7,4.6,2,1
K1306,32,Kraków,Premium,199.0,48,11.8,1,0
K0214,24,Gdańsk,Basic,99.0,59,3.9,1,0
K0779,44,Wrocław,Standard,119.0,50,3.4,0,0
K1190,34,Warszawa,Basic,99.0,59,8.0,2,0
K1154,28,Poznań,Premium,199.0,29,14.0,2,0
K1250,49,Warszawa,Standard,139.0,42,6.7,1,0
K0078,32,Gdańsk,Premium,199.0,28,0.5,0,0
K1054,38,Kraków,Standard,139.0,34,2.0,2,1
K0001,23,Gdańsk,Basic,99.0,38,3.8,0,0
K0389,29,Wrocław,Standard,139.0,44,4.4,0,0
K1128,38,Warszawa,Premium,199.0,1,10.0,0,0
K0440,16,Poznań,Basic,99.0,27,3.9,0,0
K1443,36,Wrocław,Basic,99.0,1,11.5,0,0
K0863,43,Kraków,Basic,99.0,53,8.7,1,0
K0808,37,Kraków,Premium,199.0,39,7.5,1,0
K1131,51,Poznań,Premium,199.0,12,2.3,1,1
K1269,28,Kraków,Premium,199.0,4,2.1,1,1
K1355,26,Warszawa,Basic,99.0,14,6.6,2,0
K0552,24,Gdańsk,Basic,99.0,40,5.9,0,0
K0729,53,Gdańsk,Standard,139.0,45,0.8,0,0
K0298,39,Wrocław,Basic,99.0,24,6.6,0,0
K0546,32,Warszawa,Standard,139.0,58,11.5,0,0
K0544,37,Wrocław,Basic,99.0,5,3.6,2,1
K0278,29,Warszawa,Basic,79.0,7,1.0,1,1
K0323,59,Warszawa,Basic,99.0,12,6.5,0,0
K0491,34,Warszawa,Standard,139.0,37,10.2,1,0
K1060,54,Warszawa,Basic,99.0,56,10.4,1,0
K0881,32,Kraków,Standard,119.0,48,4.8,2,0
K1182,41,Gdańsk,Standard,139.0,14,12.1,1,1
K1056,33,Warszawa,Basic,99.0,47,0.6,1,1
K0941,32,Poznań,Standard,139.0,35,7.3,0,0
K1413,39,Kraków,Basic,99.0,41,6.3,0,0
K1448,25,Gdańsk,Standard,139.0,26,14.6,1,0
K1444,37,Gdańsk,Premium,199.0,14,9.7,0,0
K0979,56,Wrocław,Basic,89.0,16,15.2,0,1
K1213,16,Gdańsk,Standard,119.0,39,7.2,2,0
K0222,20,Kraków,Standard,129.0,11,5.9,3,1
K1333,43,Wrocław,Premium,179.0,38,6.7,1,0
K1349,39,Wrocław,Basic,99.0,2,2.5,0,1
K1102,16,Kraków,Standard,139.0,4,3.7,0,1
K1401,23,Warszawa,Standard,119.0,43,4.7,0,0
K0946,35,Wrocław,Basic,99.0,14,10.2,0,0
K0007,26,Kraków,Premium,189.0,54,6.3,2,1
K0310,30,Warszawa,Basic,99.0,17,7.7,0,0
K1121,35,Warszawa,Standard,139.0,12,8.7,4,1
K0949,58,Gdańsk,Premium,199.0,5,3.7,1,0
K0282,57,Gdańsk,Basic,99.0,24,2.2,0,0
K1064,31,Gdańsk,Premium,199.0,19,6.5,1,0
K1477,30,Kraków,Premium,199.0,60,1.7,1,0
K0149,33,Kraków,Basic,99.0,23,9.6,2,0
K0398,16,Warszawa,Premium,199.0,3,4.9,0,1
K1066,46,Gdańsk,Premium,199.0,42,4.0,0,1
K0328,39,Kraków,Standard,139.0,15,5.4,2,0
K0487,30,Wrocław,Basic,79.0,35,1.6,1,0
K0578,34,Warszawa,Basic,99.0,42,2.2,0,0
K0692,29,Kraków,Standard,119.0,53,1.1,0,0
K0523,35,Gdańsk,Premium,189.0,38,3.0,1,1
K0958,28,Wrocław,Premium,199.0,43,3.0,1,1
K0646,32,Warszawa,Standard,129.0,36,10.7,2,1
K0272,33,Warszawa,Premium,199.0,39,9.1,1,0
K0888,26,Warszawa,Basic,99.0,41,6.9,0,0
K1251,33,Warszawa,Standard,129.0,28,6.2,2,0
K0087,29,Warszawa,Standard,139.0,32,5.4,0,1
K0165,20,Warszawa,Basic,99.0,56,7.9,2,0
K1330,43,Warszawa,Basic,99.0,30,13.0,1,0
K0653,45,Wrocław,Standard,139.0,11,19.9,0,1
K0556,45,Poznań,Premium,199.0,21,11.4,0,0
K0194,35,Poznań,Standard,139.0,39,9.8,1,0
K0327,18,Warszawa,Basic,99.0,2,4.8,2,1
K0344,40,Warszawa,Standard,139.0,30,6.8,1,0
K0109,24,Gdańsk,Standard,139.0,32,2.1,0,0
K0156,34,Kraków,Basic,99.0,46,2.9,0,0
K0531,48,Kraków,Standard,129.0,12,5.9,1,0
K1231,32,Warszawa,Standard,139.0,29,3.5,0,0
K0376,24,Poznań,Basic,99.0,60,13.4,0,0
K0756,33,Poznań,Basic,99.0,59,2.7,0,0
K1407,31,Gdańsk,Basic,99.0,57,3.9,0,0
K0789,34,Kraków,Basic,89.0,54,14.3,1,0
K0481,33,Gdańsk,Basic,79.0,18,9.0,0,0
K0732,16,Kraków,Standard,139.0,27,0.8,0,1
K0721,51,Kraków,Premium,199.0,53,12.0,3,1
K0799,42,Warszawa,Basic,89.0,34,5.2,0,0
K1461,39,Warszawa,Standard,129.0,39,11.5,1,0
K1353,49,Warszawa,Basic,99.0,49,3.3,0,0
K0472,33,Warszawa,Standard,139.0,12,1.3,1,1
K1299,33,Warszawa,Standard,139.0,60,3.5,0,0
K0017,53,Warszawa,Basic,99.0,45,1.7,1,0
K1137,22,Warszawa,Standard,129.0,15,11.6,2,0
K1389,19,Kraków,Premium,199.0,36,5.3,1,0
K0135,21,Kraków,Basic,99.0,12,3.1,0,0
K0002,21,Warszawa,Standard,139.0,42,5.4,0,0
K0438,42,Kraków,Basic,99.0,50,9.2,1,0
K1421,25,Gdańsk,Basic,99.0,50,5.3,0,0
K0320,32,Wrocław,Basic,99.0,20,1.4,0,1
K1016,37,Warszawa,Standard,139.0,41,4.1,0,0
K1298,43,Poznań,Standard,129.0,54,15.9,0,0
K0997,33,Warszawa,Premium,199.0,60,5.0,1,0
K0739,31,Kraków,Premium,199.0,23,13.0,1,0
K0322,39,Wrocław,Premium,199.0,48,3.7,0,0
K0568,26,Warszawa,Standard,139.0,31,5.2,2,1
K0917,33,Wrocław,Basic,99.0,10,4.6,0,1
K0252,25,Warszawa,Basic,79.0,21,9.8,1,0
K1343,32,Warszawa,Basic,99.0,28,2.9,0,0
K1112,40,Kraków,Premium,199.0,6,7.3,2,1
K1377,34,Kraków,Standard,139.0,52,2.3,1,0
K0063,39,Kraków,Standard,139.0,54,2.6,0,0
K0764,36,Wrocław,Standard,129.0,36,1.3,0,0
K0090,45,Wrocław,Premium,189.0,27,2.5,2,1
K0804,37,Warszawa,Basic,79.0,23,1.9,2,0
K0738,53,Wrocław,Standard,139.0,3,3.2,1,1
K0157,45,Poznań,Standard,139.0,32,3.0,1,0
K0442,36,Warszawa,Standard,139.0,28,2.9,0,0
K1289,19,Kraków,Standard,139.0,36,2.6,2,1
K1162,29,Warszawa,Basic,99.0,12,8.9,0,0
K0952,35,Poznań,Basic,99.0,40,6.1,0,0
K1282,43,Warszawa,Standard,119.0,25,10.6,0,0
K0553,49,Kraków,Basic,99.0,14,2.1,0,0
K0512,26,Warszawa,Standard,129.0,53,12.5,1,0
K1419,37,Warszawa,Premium,199.0,6,5.3,0,1
K0522,32,Kraków,Premium,199.0,12,5.5,0,0
K0902,36,Kraków,Premium,179.0,10,4.0,0,0
K1134,40,Kraków,Standard,139.0,19,10.5,1,0
K1244,18,Kraków,Standard,139.0,37,6.4,1,1
K0474,25,Wrocław,Premium,189.0,25,13.4,1,0
K0780,39,Kraków,Premium,189.0,19,15.0,0,0
K1310,37,Warszawa,Basic,89.0,34,6.6,0,0
K0181,34,Warszawa,Standard,129.0,29,5.6,1,0
K0744,49,Gdańsk,Basic,79.0,32,11.0,1,0
K1296,17,Gdańsk,Standard,139.0,21,12.5,2,0
K1396,30,Warszawa,Standard,139.0,33,6.0,0,0
K0402,51,Wrocław,Basic,99.0,43,12.9,0,0
K0346,49,Warszawa,Standard,129.0,45,2.2,2,0
K1464,28,Warszawa,Basic,99.0,21,7.9,0,0
K0251,25,Gdańsk,Premium,199.0,49,5.2,1,0
K0296,34,Warszawa,Standard,129.0,16,5.3,1,0
K1184,35,Gdańsk,Standard,129.0,53,2.3,1,0
K1302,29,Warszawa,Premium,199.0,33,6.4,1,0
K1265,33,Kraków,Basic,99.0,55,9.7,1,0
K0718,25,Wrocław,Standard,129.0,19,4.4,1,1
K0263,34,Warszawa,Basic,89.0,48,14.5,1,0
K0121,27,Kraków,Standard,139.0,44,2.1,1,0
K1133,32,Poznań,Standard,139.0,25,3.4,2,1
K1336,41,Kraków,Standard,139.0,33,11.6,0,0
K0220,34,Gdańsk,Basic,99.0,52,3.6,0,0
K0268,33,Wrocław,Basic,99.0,5,7.2,0,0
K0369,32,Gdańsk,Premium,199.0,60,3.0,1,0
K0193,26,Warszawa,Standard,139.0,27,15.2,2,0
K0291,26,Kraków,Basic,99.0,16,2.5,1,1
K0693,37,Warszawa,Standard,119.0,41,6.4,1,0
K0698,46,Warszawa,Standard,129.0,2,8.2,0,0
K1211,39,Gdańsk,Premium,199.0,50,16.5,1,0
K1408,28,Gdańsk,Basic,99.0,57,3.6,1,0
K1115,33,Poznań,Standard,139.0,56,2.7,1,0
K1199,51,Poznań,Basic,99.0,31,5.1,1,0
K0547,38,Warszawa,Basic,99.0,11,5.9,0,0
K0075,27,Gdańsk,Premium,189.0,42,8.3,2,1
K1246,42,Warszawa,Premium,199.0,49,3.9,0,0
K0803,31,Warszawa,Standard,139.0,29,5.1,1,0
K0253,40,Warszawa,Basic,99.0,9,17.2,2,0
K0433,40,Gdańsk,Basic,99.0,25,3.5,1,1
K1248,42,Kraków,Basic,99.0,19,2.8,1,1
K0597,32,Kraków,Standard,139.0,46,1.5,0,0
K1442,46,Wrocław,Basic,89.0,60,4.2,0,0
K0012,34,Kraków,Premium,179.0,26,8.1,1,0
K0787,34,Warszawa,Premium,199.0,44,6.6,0,0
K0655,41,Kraków,Premium,199.0,50,2.2,1,1
K1144,38,Warszawa,Basic,99.0,50,2.1,1,0
K0735,16,Poznań,Basic,99.0,24,3.8,1,1
K1024,38,Kraków,Standard,139.0,5,5.5,0,0
K0210,37,Warszawa,Premium,189.0,25,4.2,0,0
K1465,32,Gdańsk,Standard,129.0,3,3.4,0,0
K0820,36,Warszawa,Premium,189.0,14,10.4,0,1
K1352,39,Kraków,Basic,99.0,48,7.3,1,0
K0180,18,Warszawa,Basic,99.0,14,5.1,2,1
K1365,38,Kraków,Standard,119.0,18,3.0,0,0
K0514,44,Kraków,Basic,99.0,3,4.7,0,0
K0313,32,Kraków,Standard,119.0,39,1.6,2,1
K0441,33,Wrocław,Standard,139.0,32,4.5,0,1
K0622,32,Warszawa,Premium,199.0,29,7.0,1,0
K0161,19,Warszawa,Standard,139.0,53,4.0,2,1
K0830,31,Wrocław,Basic,99.0,49,9.1,0,1
K0377,23,Kraków,Premium,199.0,3,11.3,1,0
K0206,33,Kraków,Standard,139.0,12,3.7,2,1
K0922,16,Warszawa,Standard,139.0,35,2.8,0,0
K0289,30,Warszawa,Standard,139.0,45,2.8,0,0
K0057,41,Poznań,Standard,139.0,42,14.4,1,0
K0685,30,Gdańsk,Standard,139.0,10,3.4,0,0
K0385,45,Warszawa,Basic,99.0,9,2.7,4,1
K0501,40,Warszawa,Premium,199.0,43,2.6,2,0
K1027,41,Kraków,Standard,129.0,52,5.0,0,0
K1290,33,Warszawa,Basic,99.0,35,1.4,0,0
K0426,31,Wrocław,Basic,99.0,31,3.8,0,0
K1323,37,Gdańsk,Basic,89.0,57,7.8,1,0
K0742,31,Poznań,Basic,79.0,19,2.1,1,0
K0311,33,Wrocław,Basic,79.0,24,3.2,2,0
K0590,45,Warszawa,Basic,99.0,34,7.8,1,0
K0238,26,Warszawa,Standard,139.0,24,5.6,1,0
K0237,39,Poznań,Basic,99.0,9,5.3,0,0
K0427,33,Poznań,Basic,99.0,23,6.6,2,0
K1004,25,Kraków,Standard,139.0,3,18.7,2,1
K1372,33,Gdańsk,Standard,139.0,59,8.7,0,0
K0582,34,Wrocław,Basic,99.0,7,8.2,1,0
K1149,36,Kraków,Basic,99.0,26,9.2,0,0
K0762,48,Warszawa,Premium,199.0,53,10.6,2,0
K0176,40,Poznań,Basic,99.0,41,8.0,0,0
K1155,39,Gdańsk,Standard,139.0,16,3.5,1,1
K1198,29,Poznań,Basic,99.0,53,8.5,1,0
K0995,32,Poznań,Basic,99.0,26,8.6,1,0
K1489,39,Wrocław,Standard,129.0,23,3.0,1,0
K0457,40,Warszawa,Premium,199.0,25,4.4,2,1
K0835,34,Warszawa,Basic,79.0,14,16.4,4,0
K1474,18,Kraków,Basic,99.0,27,4.0,0,0
K1484,50,Wrocław,Basic,99.0,43,2.3,0,0
K0318,23,Warszawa,Standard,119.0,32,7.8,3,0
K1010,26,Gdańsk,Basic,99.0,50,2.5,0,0
K1247,18,Wrocław,Standard,139.0,9,8.8,0,0
K0672,16,Warszawa,Premium,189.0,37,1.2,0,1
K0387,40,Poznań,Basic,99.0,1,5.4,0,0
K0153,34,Kraków,Standard,139.0,32,10.9,0,1
K0559,24,Poznań,Standard,139.0,31,12.7,1,0
K1227,41,Gdańsk,Standard,139.0,28,4.8,0,1
K1400,41,Gdańsk,Premium,199.0,38,7.2,3,0
K0945,37,Gdańsk,Basic,99.0,15,4.9,0,0
K0998,38,Warszawa,Basic,79.0,27,4.1,0,1
K1301,31,Gdańsk,Premium,189.0,51,11.4,0,0
K0753,29,Warszawa,Premium,189.0,20,10.8,2,0
K1425,36,Kraków,Standard,139.0,33,1.5,0,0
K1379,16,Kraków,Basic,99.0,21,5.6,3,1
K0575,29,Gdańsk,Basic,89.0,39,2.6,2,0
K1335,45,Poznań,Basic,99.0,5,2.1,1,0
K0265,34,Kraków,Standard,139.0,51,9.9,0,0
K0292,53,Warszawa,Basic,99.0,44,3.1,1,0
K1320,27,Warszawa,Premium,199.0,54,3.5,0,0
K0600,30,Warszawa,Basic,99.0,50,3.5,2,0
K1000,43,Wrocław,Basic,99.0,2,3.0,0,0
K0155,27,Warszawa,Standard,139.0,32,2.3,1,1
K1218,47,Warszawa,Basic,99.0,47,2.1,1,0
K0023,33,Gdańsk,Standard,129.0,5,7.2,0,0
K0882,26,Gdańsk,Standard,129.0,38,1.1,1,1
K1447,27,Warszawa,Premium,199.0,10,3.9,0,1
K1140,38,Wrocław,Basic,79.0,24,5.9,1,0
K1478,31,Warszawa,Premium,199.0,5,14.0,0,1
K1437,33,Gdańsk,Standard,129.0,27,6.1,1,0
K0828,44,Warszawa,Standard,119.0,30,3.8,2,0
K0259,25,Kraków,Premium,199.0,9,7.1,0,1
K0228,37,Kraków,Premium,199.0,50,6.4,2,0
K0317,44,Warszawa,Basic,99.0,9,12.5,0,0
K0968,18,Wrocław,Basic,99.0,33,2.7,0,0
K0108,36,Kraków,Premium,189.0,4,4.3,0,0
K1412,33,Kraków,Premium,189.0,22,6.0,0,0
K1180,28,Warszawa,Basic,79.0,11,6.2,3,0
K0428,36,Wrocław,Basic,99.0,2,7.0,0,0
K0086,28,Poznań,Standard,139.0,15,4.5,0,0
K0916,37,Wrocław,Basic,99.0,56,3.7,1,1
K0884,31,Warszawa,Standard,129.0,59,9.0,1,1
K1065,27,Kraków,Standard,139.0,7,1.7,1,0
K0593,40,Gdańsk,Premium,189.0,40,8.2,1,0
K0611,41,Gdańsk,Premium,199.0,43,2.1,3,0
K0809,42,Wrocław,Premium,199.0,20,3.7,2,0
K0525,16,Warszawa,Basic,99.0,19,8.9,1,0
K0031,41,Warszawa,Basic,99.0,51,4.8,0,0
K0011,41,Poznań,Premium,199.0,25,1.0,0,0
K0982,45,Warszawa,Standard,139.0,9,6.5,2,1
K0439,30,Warszawa,Basic,89.0,48,18.5,3,0
K0343,42,Kraków,Basic,99.0,53,6.6,3,0
K0711,28,Warszawa,Basic,89.0,47,4.8,0,0
K0875,27,Warszawa,Standard,129.0,28,3.3,0,0
K0459,43,Warszawa,Basic,99.0,35,6.1,1,0
K0878,48,Kraków,Standard,129.0,57,4.2,2,0
K0670,33,Kraków,Basic,99.0,34,11.6,0,0
K1146,49,Warszawa,Standard,139.0,47,5.2,1,0
K0846,63,Warszawa,Premium,199.0,49,2.9,0,0
K0126,37,Gdańsk,Basic,99.0,11,8.9,0,0
K0258,44,Gdańsk,Premium,199.0,51,6.3,2,0
K1214,32,Wrocław,Basic,99.0,59,4.1,0,0
K0867,44,Warszawa,Standard,139.0,2,8.3,2,0
K0314,36,Warszawa,Premium,199.0,39,12.4,1,0
K1228,21,Warszawa,Basic,99.0,4,6.9,1,0
K1078,24,Gdańsk,Basic,99.0,41,12.5,0,0
K0005,42,Kraków,Basic,89.0,22,2.2,2,1
K1468,46,Warszawa,Basic,89.0,27,5.9,2,0
K0199,21,Warszawa,Basic,99.0,36,8.6,1,0
K0629,43,Warszawa,Premium,199.0,22,5.0,1,0
K0410,47,Warszawa,Standard,139.0,14,3.7,0,0
K1276,38,Warszawa,Standard,129.0,47,1.5,0,0
K0717,39,Warszawa,Standard,129.0,17,6.6,0,0
K1434,36,Wrocław,Basic,99.0,45,5.4,0,0
K0175,16,Warszawa,Premium,189.0,42,6.7,0,0
K1297,23,Warszawa,Basic,89.0,20,1.5,0,0
K1423,25,Kraków,Standard,129.0,51,12.3,0,0
K0840,23,Gdańsk,Standard,139.0,17,3.7,2,1
K0470,33,Warszawa,Basic,99.0,38,4.5,1,0
K0203,42,Warszawa,Basic,99.0,31,6.5,1,0
K1156,26,Kraków,Basic,99.0,1,8.0,0,0
K0596,33,Warszawa,Basic,79.0,35,3.3,0,0
K0632,47,Kraków,Standard,119.0,54,6.3,1,0
K0178,27,Warszawa,Basic,99.0,25,5.6,1,1
K0276,23,Gdańsk,Standard,139.0,28,11.7,0,1
K0413,33,Warszawa,Premium,189.0,49,8.4,1,0
K0014,39,Warszawa,Standard,139.0,57,7.3,0,0
K0484,30,Kraków,Standard,119.0,56,9.3,4,0
K1486,28,Poznań,Basic,99.0,53,2.2,1,1
K1475,27,Gdańsk,Standard,139.0,8,7.5,0,0
K0476,32,Gdańsk,Premium,179.0,18,5.0,0,0
K1206,32,Poznań,Standard,139.0,46,3.7,1,1
K0539,26,Warszawa,Standard,139.0,26,10.4,0,0
K0616,19,Warszawa,Standard,139.0,55,10.0,0,0
K1008,35,Kraków,Basic,99.0,17,7.6,2,0
K0118,37,Warszawa,Standard,129.0,40,5.1,1,0
K0537,31,Wrocław,Standard,139.0,31,5.3,0,0
K1141,30,Poznań,Basic,89.0,46,9.9,1,0
K1142,18,Warszawa,Premium,199.0,43,1.0,1,1
K0642,37,Warszawa,Basic,99.0,45,1.6,1,0
K0603,35,Wrocław,Standard,139.0,16,10.4,1,1
K1225,29,Kraków,Standard,139.0,44,3.1,1,0
K1204,35,Wrocław,Standard,139.0,42,15.6,1,0
K1458,33,Warszawa,Premium,199.0,29,1.4,0,1
K0164,29,Poznań,Standard,139.0,53,3.9,1,1
K0112,28,Gdańsk,Basic,89.0,52,6.6,1,0
K0345,22,Warszawa,Standard,129.0,55,5.5,2,0
K1205,46,Warszawa,Basic,99.0,47,10.3,1,0
K1089,23,Poznań,Basic,99.0,35,8.4,0,0
K0483,39,Warszawa,Basic,99.0,54,8.6,1,0
K1347,42,Poznań,Standard,129.0,35,5.2,1,0
K0994,16,Wrocław,Standard,119.0,13,3.6,0,0
K0131,24,Kraków,Premium,199.0,3,8.9,1,0
K1308,22,Warszawa,Basic,89.0,47,13.1,2,0
K1381,39,Kraków,Basic,99.0,45,4.1,1,0
K0339,49,Poznań,Premium,199.0,22,2.8,0,0
K1325,46,Warszawa,Premium,199.0,11,10.8,2,1
K1082,47,Warszawa,Basic,99.0,4,8.1,0,0
K0073,16,Warszawa,Standard,139.0,49,4.9,1,0
K0515,37,Gdańsk,Standard,139.0,31,1.4,0,0
K0991,44,Wrocław,Basic,79.0,6,4.0,0,0
K0516,31,Warszawa,Premium,199.0,55,5.0,1,0
K1237,25,Poznań,Standard,139.0,4,5.0,0,0
K0379,21,Poznań,Basic,99.0,50,2.8,0,0
K0013,35,Wrocław,Standard,129.0,39,6.6,0,0
K0448,40,Warszawa,Basic,99.0,23,25.0,1,0
K1009,20,Kraków,Premium,199.0,28,8.6,0,0
K0209,16,Warszawa,Premium,199.0,50,1.6,0,0
K0304,27,Warszawa,Standard,119.0,31,3.4,0,0
K0577,40,Kraków,Standard,139.0,14,9.8,0,0
K0621,30,Warszawa,Standard,139.0,37,11.2,0,1
K0965,29,Warszawa,Premium,199.0,9,6.8,2,1
K1079,31,Wrocław,Basic,99.0,45,7.0,1,0
K0566,46,Warszawa,Standard,139.0,39,7.0,2,0
K1399,36,Warszawa,Standard,139.0,60,4.3,0,0
K0694,29,Poznań,Basic,99.0,33,8.5,1,0
K1123,38,Warszawa,Premium,199.0,57,6.0,0,0
K0961,29,Wrocław,Standard,139.0,17,6.0,1,0
K0645,37,Kraków,Basic,89.0,44,4.5,1,0
K0929,30,Gdańsk,Standard,139.0,49,8.0,2,0
K0883,24,Poznań,Premium,199.0,3,9.4,1,0
K0341,46,Warszawa,Premium,199.0,47,10.2,2,0
K1151,41,Gdańsk,Standard,139.0,9,10.9,0,0
K0347,60,Warszawa,Standard,139.0,10,4.9,1,1
K1456,16,Wrocław,Premium,199.0,43,5.6,3,1
K1339,16,Warszawa,Basic,99.0,44,2.6,0,0
K0305,22,Warszawa,Basic,99.0,11,2.3,0,0
K0037,22,Kraków,Standard,139.0,41,5.5,1,0
K0812,43,Gdańsk,Premium,199.0,46,5.3,0,0
K0043,27,Poznań,Basic,99.0,52,4.5,0,0
K0972,49,Warszawa,Standard,139.0,28,2.3,0,1
K0395,37,Warszawa,Standard,129.0,50,2.2,2,0
K0879,35,Poznań,Basic,99.0,58,4.1,1,0
K1375,36,Kraków,Basic,99.0,17,10.4,1,1
K1238,39,Warszawa,Basic,99.0,32,3.8,1,0
K0734,27,Gdańsk,Basic,79.0,58,11.4,0,0
K0460,25,Poznań,Basic,89.0,32,3.2,1,0
K0708,31,Warszawa,Standard,139.0,43,8.5,1,0
K0424,16,Kraków,Premium,199.0,1,8.0,1,1
K0967,40,Gdańsk,Standard,139.0,32,9.1,1,0
K0880,34,Wrocław,Standard,129.0,52,2.9,2,0
K0295,27,Warszawa,Standard,119.0,36,4.3,1,0
K0586,25,Warszawa,Standard,139.0,36,6.6,0,0
K0027,42,Warszawa,Basic,99.0,35,4.6,1,0
K0681,16,Warszawa,Basic,99.0,34,11.3,1,0
K1068,25,Poznań,Basic,99.0,21,6.2,2,0
K1063,25,Poznań,Standard,139.0,37,15.4,0,0
K0136,53,Warszawa,Standard,139.0,52,4.8,2,0
K0511,44,Warszawa,Basic,99.0,29,5.9,1,0
K0211,35,Kraków,Basic,99.0,9,15.7,0,0
K1313,17,Wrocław,Standard,139.0,55,3.6,2,1
K0354,33,Warszawa,Basic,99.0,56,2.5,1,0
K0986,57,Warszawa,Standard,139.0,10,3.1,1,1
K1274,33,Kraków,Basic,99.0,58,8.8,1,1
K0853,33,Wrocław,Basic,99.0,27,5.1,0,0
K0056,34,Gdańsk,Standard,139.0,59,10.1,2,0
K0464,45,Poznań,Standard,139.0,32,7.5,0,0
K1451,28,Gdańsk,Basic,89.0,3,6.8,0,0
K1472,43,Kraków,Basic,99.0,44,8.0,1,0
K0857,35,Poznań,Premium,179.0,9,8.0,0,0
K0217,33,Warszawa,Basic,89.0,52,3.9,0,0
K1101,39,Wrocław,Standard,139.0,8,7.9,0,0
K0041,46,Wrocław,Standard,139.0,28,8.1,1,0
K0885,46,Wrocław,Basic,99.0,16,6.8,0,0
K0397,33,Kraków,Basic,99.0,38,15.9,2,1
K1483,50,Warszawa,Premium,199.0,36,9.7,2,0
K1358,16,Wrocław,Basic,79.0,2,10.5,0,1
K1266,31,Warszawa,Basic,79.0,55,7.8,0,0
K1414,47,Kraków,Standard,139.0,19,4.4,1,0
K1277,16,Warszawa,Basic,89.0,31,5.2,0,0
K1488,25,Warszawa,Premium,199.0,20,2.7,0,0
K0179,28,Gdańsk,Premium,199.0,32,7.6,1,1
K0177,38,Wrocław,Premium,199.0,52,3.1,1,0
K0741,29,Kraków,Premium,179.0,9,7.5,1,0
K0508,28,Kraków,Basic,89.0,38,8.8,1,0
K0571,45,Poznań,Standard,139.0,55,8.2,1,0
K0921,30,Poznań,Basic,99.0,55,9.7,0,1
K0301,44,Gdańsk,Standard,129.0,43,9.6,2,0
K1453,43,Kraków,Basic,89.0,11,3.0,1,0
K1015,54,Gdańsk,Basic,99.0,21,14.3,0,0
K0640,23,Wrocław,Basic,99.0,59,9.4,2,0
K0564,48,Wrocław,Standard,139.0,46,13.9,2,1
K1278,35,Warszawa,Basic,89.0,6,1.3,0,1
K0079,17,Warszawa,Basic,99.0,59,6.0,0,0
K0519,22,Warszawa,Standard,129.0,27,3.3,0,1
K0996,20,Warszawa,Standard,129.0,35,0.8,0,0
K1092,21,Kraków,Basic,99.0,33,14.9,1,1
K0727,34,Warszawa,Premium,179.0,56,4.9,1,0
K0229,45,Wrocław,Standard,139.0,56,6.3,0,0
K0819,37,Poznań,Basic,99.0,52,13.3,2,0
K1090,37,Wrocław,Standard,139.0,55,6.3,0,0
K0989,57,Kraków,Premium,199.0,2,5.0,0,0
K0051,32,Wrocław,Standard,139.0,32,7.2,1,0
K0030,46,Poznań,Basic,79.0,54,9.5,0,0
K0634,57,Warszawa,Standard,139.0,20,8.7,1,0
K0657,24,Warszawa,Premium,179.0,36,7.3,1,0
K0562,36,Gdańsk,Basic,99.0,36,3.9,2,0
K1386,17,Warszawa,Premium,199.0,16,4.0,0,1
K1192,31,Wrocław,Basic,99.0,55,7.9,2,0
K0841,37,Gdańsk,Standard,139.0,45,5.3,0,0
K0226,33,Poznań,Basic,99.0,1,4.9,1,0
K1157,45,Gdańsk,Basic,99.0,58,6.2,1,0
K0204,26,Warszawa,Standard,139.0,1,5.3,1,1
K0445,53,Kraków,Basic,99.0,38,12.1,1,0
K0372,51,Warszawa,Basic,89.0,27,11.0,0,0
K0033,26,Poznań,Standard,129.0,24,7.4,0,0
K1143,28,Warszawa,Premium,199.0,50,8.1,1,0
K1230,25,Gdańsk,Basic,99.0,7,3.3,1,1
K0966,21,Poznań,Standard,139.0,48,4.2,1,1
K1083,28,Kraków,Standard,139.0,20,8.4,0,0
K0894,38,Kraków,Premium,199.0,16,2.4,0,0
K0669,43,Warszawa,Premium,199.0,8,1.9,0,1
K1229,36,Wrocław,Standard,139.0,53,4.4,0,0
K1253,20,Kraków,Premium,189.0,45,13.2,1,0
K0959,32,Wrocław,Basic,99.0,30,8.5,0,0
K1328,26,Kraków,Premium,189.0,40,5.5,0,0
K0152,32,Warszawa,Basic,79.0,57,4.6,2,1
K0960,21,Kraków,Basic,99.0,8,9.7,1,0
K0223,29,Wrocław,Standard,129.0,53,2.7,3,0
K1028,38,Poznań,Basic,99.0,31,8.7,2,0
K0703,29,Wrocław,Premium,199.0,30,2.9,1,1
K1210,40,Warszawa,Standard,139.0,24,10.5,1,0
K1319,39,Wrocław,Standard,139.0,54,12.1,1,0
K0855,35,Warszawa,Basic,89.0,51,5.9,2,0
K0834,31,Wrocław,Basic,79.0,20,3.8,4,1
K0114,32,Warszawa,Basic,79.0,14,2.3,1,0
K0049,38,Gdańsk,Standard,139.0,39,5.6,1,0
K0290,19,Warszawa,Standard,139.0,17,4.3,3,1
K1022,26,Warszawa,Premium,199.0,21,15.5,0,1
K0207,37,Warszawa,Basic,99.0,59,6.6,0,0
K0974,34,Gdańsk,Basic,89.0,9,6.6,1,0
K0633,35,Warszawa,Premium,199.0,42,5.1,1,1
K0776,29,Wrocław,Standard,139.0,41,6.4,0,0
K0890,44,Kraków,Standard,139.0,34,3.6,0,0
K0900,33,Wrocław,Standard,139.0,26,2.8,1,0
K0833,43,Wrocław,Basic,89.0,60,13.1,1,1
K0684,43,Wrocław,Standard,139.0,27,7.1,1,0
K1397,23,Wrocław,Basic,99.0,20,6.1,0,0
K0618,46,Gdańsk,Standard,139.0,29,11.5,0,0
K0686,27,Kraków,Standard,139.0,30,1.0,1,1
K0870,36,Kraków,Standard,139.0,25,3.4,0,0
K0674,41,Wrocław,Standard,129.0,5,12.9,1,0
K0750,27,Warszawa,Premium,189.0,28,7.3,0,0
K1003,28,Warszawa,Standard,139.0,47,1.8,1,0
K1093,33,Gdańsk,Basic,89.0,41,4.3,0,0
K0409,19,Warszawa,Basic,99.0,19,7.0,1,0
K0630,24,Kraków,Basic,99.0,19,4.2,0,1
K1258,35,Kraków,Basic,99.0,19,1.7,0,1
K0647,32,Kraków,Premium,199.0,9,2.9,1,1
K0140,34,Poznań,Standard,129.0,17,21.5,0,0
K1153,49,Warszawa,Standard,139.0,24,2.7,3,1
K0914,21,Warszawa,Basic,99.0,34,3.3,1,0
K0166,25,Warszawa,Basic,99.0,37,5.6,0,0
K1114,35,Wrocław,Standard,139.0,53,1.0,1,1
K0813,27,Gdańsk,Premium,199.0,38,6.1,1,0
K0215,42,Warszawa,Basic,99.0,32,7.8,1,0
K0132,47,Poznań,Standard,139.0,2,10.5,1,0
K0315,46,Warszawa,Premium,199.0,3,3.7,0,1
K0139,16,Warszawa,Basic,99.0,4,6.1,0,0
K1215,42,Gdańsk,Basic,89.0,27,10.4,0,0
K0417,16,Poznań,Standard,139.0,40,0.7,0,1
K1030,23,Warszawa,Standard,139.0,52,6.0,1,0
K0039,35,Warszawa,Premium,199.0,52,3.3,2,0
K0054,43,Warszawa,Standard,129.0,43,5.0,0,0
K0707,32,Kraków,Basic,99.0,28,10.2,0,0
K0137,32,Warszawa,Standard,129.0,51,22.2,1,0
K1402,21,Wrocław,Premium,199.0,26,4.0,1,0
K0794,39,Gdańsk,Basic,99.0,27,2.5,1,0
K0036,49,Kraków,Premium,199.0,26,9.2,1,0
K0026,40,Poznań,Basic,99.0,52,5.8,2,0
K0658,50,Wrocław,Premium,179.0,7,9.8,3,0
K0450,20,Wrocław,Standard,139.0,15,4.4,1,1
K0579,40,Warszawa,Basic,79.0,12,3.8,1,0
K1077,26,Wrocław,Basic,99.0,31,7.2,2,0
K0303,16,Warszawa,Basic,79.0,28,2.2,2,1
K1440,37,Warszawa,Basic,99.0,49,4.6,2,0
K1493,33,Warszawa,Premium,199.0,24,3.6,0,0
K1179,41,Wrocław,Basic,99.0,41,2.5,2,0
K1053,48,Warszawa,Premium,199.0,5,3.8,0,1
K1208,25,Gdańsk,Standard,139.0,53,6.0,0,0
K0778,31,Gdańsk,Standard,119.0,27,3.1,0,0
K1234,16,Gdańsk,Standard,139.0,12,14.2,0,0
K0245,19,Poznań,Basic,99.0,52,9.7,2,0
K0104,23,Gdańsk,Basic,79.0,11,5.7,0,0
K0277,30,Warszawa,Basic,99.0,51,3.3,0,0
K0394,33,Warszawa,Basic,99.0,30,19.5,2,0
K0111,50,Kraków,Standard,119.0,17,9.6,1,0
K0589,32,Warszawa,Basic,99.0,52,0.8,1,0
K0160,34,Poznań,Standard,139.0,17,2.5,1,1
K0971,16,Warszawa,Basic,99.0,26,9.3,1,0
K0748,27,Poznań,Basic,99.0,48,15.6,0,0
K1125,24,Kraków,Basic,99.0,34,8.5,1,0
K0661,34,Poznań,Standard,139.0,29,3.0,1,1
K1175,29,Warszawa,Standard,139.0,27,5.8,2,0
K0340,35,Kraków,Premium,199.0,48,7.8,1,0
K0330,33,Kraków,Premium,199.0,17,13.5,0,0
K0134,31,Kraków,Premium,199.0,34,4.7,1,1
K0638,25,Kraków,Standard,139.0,54,5.8,2,0
K0168,33,Warszawa,Basic,99.0,39,12.2,1,1
K1415,39,Poznań,Standard,139.0,42,9.4,0,0
K0928,28,Wrocław,Basic,89.0,13,11.8,1,0
K0861,31,Warszawa,Standard,139.0,7,5.5,0,0
K1021,40,Wrocław,Basic,99.0,43,10.0,1,0
K1500,22,Kraków,Standard,129.0,22,11.6,0,0
K0025,33,Warszawa,Basic,89.0,18,1.6,3,1
K0807,33,Poznań,Standard,139.0,59,5.7,3,0
K1431,16,Poznań,Basic,89.0,53,5.9,1,0
K0444,40,Gdańsk,Standard,129.0,48,5.4,0,0
K0151,25,Warszawa,Premium,199.0,58,7.0,1,0
K1324,31,Poznań,Standard,129.0,40,7.9,4,0
K0095,34,Poznań,Standard,129.0,53,9.5,0,0
K1370,36,Kraków,Basic,99.0,16,8.8,0,0
K0218,33,Gdańsk,Premium,199.0,2,6.3,1,1
K0382,20,Gdańsk,Standard,139.0,13,4.7,1,1
K1048,26,Poznań,Basic,99.0,19,10.9,0,0
K0781,23,Wrocław,Standard,139.0,52,8.5,2,0
K0901,42,Warszawa,Standard,139.0,17,6.5,0,0
K1454,31,Warszawa,Basic,99.0,30,10.4,1,0
K0865,22,Warszawa,Standard,139.0,19,9.2,1,1
K0293,35,Warszawa,Premium,199.0,13,1.4,1,1
K0713,20,Kraków,Basic,99.0,56,6.7,1,0
K0101,39,Gdańsk,Premium,189.0,60,7.9,0,0
K1050,16,Kraków,Premium,199.0,32,9.0,1,1
K0784,27,Poznań,Standard,139.0,41,4.4,0,0
K1221,50,Warszawa,Basic,99.0,33,2.6,0,1
K0490,26,Warszawa,Basic,99.0,38,1.9,0,0
K0701,41,Warszawa,Basic,99.0,36,6.3,2,0
K1169,33,Wrocław,Basic,99.0,53,2.0,2,0
K0751,35,Kraków,Standard,139.0,22,15.2,0,0
K0963,33,Warszawa,Basic,99.0,25,5.1,0,0
K1013,34,Gdańsk,Basic,89.0,55,6.1,0,1
K0243,41,Warszawa,Premium,199.0,60,2.8,3,1
K0169,46,Gdańsk,Basic,99.0,49,4.7,0,0
K0074,33,Gdańsk,Premium,199.0,26,2.0,0,1
K0560,43,Kraków,Standard,119.0,30,14.9,0,0
K1334,41,Wrocław,Standard,139.0,25,2.8,2,0
K1285,38,Wrocław,Standard,139.0,34,8.3,0,0
K0119,32,Poznań,Basic,79.0,22,8.2,0,1
K1139,33,Wrocław,Standard,139.0,23,9.7,1,0
K0521,34,Kraków,Standard,119.0,48,3.1,0,0
K0714,22,Wrocław,Premium,199.0,14,3.9,1,1
K0993,32,Gdańsk,Standard,139.0,20,9.5,0,0
K0006,16,Warszawa,Standard,139.0,56,5.8,1,0
K0255,39,Kraków,Standard,139.0,4,5.1,0,0
K1094,22,Warszawa,Basic,99.0,59,3.8,0,1
K1039,40,Kraków,Standard,139.0,36,8.1,1,0
K0384,42,Poznań,Basic,99.0,60,2.5,2,1
K1103,28,Kraków,Basic,99.0,6,9.0,2,0
K0517,25,Kraków,Standard,139.0,30,2.9,0,0
K0055,33,Poznań,Standard,139.0,35,2.5,0,0
K0468,45,Warszawa,Standard,139.0,10,7.8,2,0
K0267,33,Warszawa,Standard,139.0,10,3.6,1,1
K1034,30,Warszawa,Standard,139.0,51,5.2,0,0
K0584,34,Wrocław,Standard,139.0,48,7.2,0,1
K0767,44,Warszawa,Basic,89.0,47,6.1,2,0
K0538,28,Warszawa,Basic,99.0,10,2.4,0,0
K0060,18,Warszawa,Standard,139.0,32,8.9,1,0
K1191,51,Poznań,Basic,99.0,57,2.3,0,0
K0167,33,Gdańsk,Premium,199.0,47,3.1,2,1
K0816,34,Poznań,Basic,79.0,10,2.5,2,1
K0332,16,Kraków,Premium,189.0,27,5.7,0,0
K0248,33,Warszawa,Basic,99.0,39,6.5,0,0
K0374,41,Warszawa,Standard,129.0,33,11.8,1,0
K1219,23,Warszawa,Premium,199.0,23,4.4,0,1
K0500,27,Warszawa,Basic,89.0,60,11.8,1,0
K1222,49,Poznań,Premium,199.0,33,1.9,2,0
K1194,25,Wrocław,Basic,89.0,7,7.4,1,0
K0637,39,Warszawa,Standard,139.0,27,5.5,1,0
K0617,16,Warszawa,Standard,139.0,45,3.0,4,0
K1387,27,Poznań,Basic,89.0,60,11.2,0,1
K1188,31,Wrocław,Standard,129.0,26,5.4,0,0
K0567,32,Wrocław,Premium,179.0,38,7.7,0,0
K0235,44,Gdańsk,Standard,139.0,57,8.8,2,1
K0627,35,Wrocław,Basic,99.0,3,6.8,0,0
K0431,32,Gdańsk,Standard,139.0,29,5.2,0,0
K1011,47,Warszawa,Standard,139.0,18,3.7,1,1
K1380,36,Kraków,Basic,99.0,24,7.6,0,0
K0192,26,Kraków,Standard,139.0,11,5.6,1,0
K1203,25,Warszawa,Premium,199.0,32,16.0,0,0
K1176,22,Poznań,Basic,79.0,18,4.0,2,1
K0436,33,Wrocław,Basic,99.0,6,6.4,0,1
K0837,54,Warszawa,Premium,199.0,4,4.3,1,1
K1427,40,Warszawa,Standard,119.0,55,11.9,1,0
K1187,50,Gdańsk,Premium,179.0,45,3.7,1,0
K1017,22,Kraków,Standard,139.0,21,4.4,1,1
K0185,40,Wrocław,Basic,99.0,18,3.3,0,0
K0688,45,Gdańsk,Basic,79.0,43,4.4,1,0
K0639,42,Warszawa,Basic,99.0,1,2.5,1,1
K0570,36,Gdańsk,Premium,199.0,58,7.5,1,0
K0934,37,Kraków,Premium,199.0,16,9.3,0,0
K1170,27,Poznań,Standard,139.0,53,4.5,1,0
K0534,45,Warszawa,Premium,189.0,51,2.2,0,1
K1249,20,Poznań,Basic,99.0,18,5.8,0,0
K0743,33,Warszawa,Standard,139.0,5,4.6,0,0
K0197,29,Poznań,Premium,179.0,35,4.3,0,0
K0496,41,Gdańsk,Standard,129.0,27,7.7,1,0
K0592,49,Gdańsk,Standard,139.0,18,2.4,0,0
K0937,47,Warszawa,Standard,119.0,41,9.5,1,0
K1042,16,Poznań,Standard,129.0,6,10.8,0,0
K0980,36,Gdańsk,Standard,139.0,55,11.7,0,0
K0381,36,Wrocław,Basic,99.0,60,8.2,1,0
K0028,16,Kraków,Standard,139.0,40,0.7,1,1
K0396,34,Warszawa,Standard,129.0,33,1.2,0,1
K0321,25,Warszawa,Premium,199.0,33,7.7,0,0
K0148,27,Warszawa,Basic,99.0,28,5.4,0,0
K0798,35,Gdańsk,Standard,129.0,57,8.3,0,0
K0624,34,Warszawa,Basic,89.0,46,11.2,1,0
K0239,27,Poznań,Basic,99.0,8,9.2,0,0
K0911,40,Kraków,Basic,99.0,7,8.0,0,0
K0896,31,Warszawa,Standard,139.0,1,6.2,0,0
K0107,20,Warszawa,Standard,139.0,2,3.4,1,1
K0351,16,Warszawa,Basic,89.0,18,3.7,2,1
K0651,39,Gdańsk,Premium,199.0,18,2.9,2,1
K0390,35,Gdańsk,Basic,89.0,18,7.6,1,0
K1005,69,Gdańsk,Standard,139.0,24,8.5,0,0
K1118,26,Warszawa,Basic,99.0,32,3.0,0,0
K0555,24,Wrocław,Standard,139.0,34,14.0,1,1
K1457,28,Warszawa,Basic,99.0,28,11.5,1,0
K0171,33,Warszawa,Basic,99.0,8,5.7,1,0
K1268,31,Poznań,Basic,99.0,56,5.2,0,0
K0307,41,Gdańsk,Standard,139.0,28,1.9,1,0
K0416,38,Poznań,Basic,89.0,31,1.9,0,0
K1311,35,Warszawa,Premium,199.0,3,5.9,1,1
K0429,16,Wrocław,Premium,199.0,60,14.0,0,0
K0187,41,Warszawa,Standard,129.0,38,8.2,0,0
K1006,33,Warszawa,Basic,99.0,43,11.1,0,0
K0909,36,Warszawa,Basic,79.0,16,5.9,4,1
K0270,44,Kraków,Standard,119.0,20,7.7,1,0
K0868,23,Wrocław,Basic,99.0,60,9.1,1,0
K0631,28,Poznań,Basic,79.0,59,2.7,0,1
K0951,34,Poznań,Standard,129.0,45,3.8,0,0
K0163,16,Poznań,Basic,99.0,46,5.7,1,0
K0414,38,Warszawa,Standard,129.0,28,9.3,0,1
K1359,24,Warszawa,Standard,139.0,31,9.6,1,0
K0099,42,Wrocław,Basic,99.0,8,2.3,0,0
K1031,17,Kraków,Basic,99.0,22,12.5,0,0
K0877,31,Gdańsk,Basic,99.0,13,6.7,2,0
K0818,50,Warszawa,Premium,199.0,25,7.2,0,0
K0823,33,Kraków,Basic,99.0,39,4.1,1,0
K0208,46,Warszawa,Basic,99.0,7,10.2,0,1
K0975,46,Kraków,Standard,119.0,1,3.8,1,0
K0687,16,Warszawa,Premium,199.0,54,8.1,0,0
K0873,27,Kraków,Standard,139.0,3,0.8,0,1
K0246,18,Warszawa,Basic,89.0,42,3.4,1,1
K0230,26,Warszawa,Premium,199.0,20,13.4,0,0
K0907,28,Warszawa,Basic,99.0,51,2.7,2,1
K0009,16,Poznań,Standard,139.0,4,12.6,1,0
K0897,49,Kraków,Premium,199.0,59,4.7,1,0
K1436,36,Warszawa,Basic,79.0,46,4.8,1,0
K1420,31,Warszawa,Basic,99.0,45,8.8,1,0
K0866,27,Warszawa,Basic,79.0,4,4.1,1,1
K1317,44,Warszawa,Basic,89.0,33,6.5,1,0
K0792,30,Kraków,Standard,139.0,17,3.9,1,1
K1023,52,Wrocław,Basic,99.0,28,6.4,1,0
K0190,41,Warszawa,Basic,99.0,2,12.0,0,0
K0261,37,Warszawa,Premium,199.0,4,17.1,1,1
K0829,36,Wrocław,Premium,199.0,35,2.1,2,1
K0699,21,Wrocław,Standard,129.0,26,5.5,0,0
K0920,36,Kraków,Standard,139.0,6,6.5,1,0
K1428,40,Gdańsk,Premium,199.0,17,5.2,0,0
K0938,19,Poznań,Standard,139.0,10,19.4,0,0
K1036,23,Kraków,Premium,199.0,22,3.8,1,1
K0891,43,Kraków,Standard,129.0,6,14.0,0,1
K0595,26,Warszawa,Basic,99.0,28,11.1,0,0
K0532,43,Warszawa,Premium,199.0,9,7.7,1,1
K0895,26,Kraków,Standard,129.0,36,19.5,2,1
K1152,35,Gdańsk,Standard,139.0,36,5.5,1,0
K0058,46,Gdańsk,Basic,99.0,54,3.0,0,0
K1262,28,Poznań,Standard,129.0,10,8.8,1,0
K0283,25,Warszawa,Basic,99.0,43,8.0,1,0
K0935,49,Warszawa,Basic,89.0,46,6.7,3,0
K0363,26,Kraków,Standard,139.0,23,2.5,3,1
K0244,26,Kraków,Standard,129.0,42,3.8,0,0
K1235,37,Warszawa,Basic,89.0,6,6.1,1,0
K0338,24,Kraków,Standard,139.0,24,6.7,2,0
K1014,44,Wrocław,Premium,199.0,41,8.7,0,1
K0948,44,Warszawa,Basic,99.0,26,13.8,2,1
K1110,48,Warszawa,Basic,99.0,60,4.4,1,0
K0191,36,Wrocław,Basic,99.0,57,10.3,0,0
K0040,37,Warszawa,Basic,99.0,60,5.8,0,0
K0976,36,Kraków,Basic,89.0,47,4.5,0,0
K0635,40,Gdańsk,Premium,189.0,34,10.8,3,0
K0765,43,Warszawa,Premium,199.0,26,15.4,0,0
K0724,18,Kraków,Premium,199.0,41,5.0,0,0
K1129,44,Warszawa,Standard,139.0,3,5.0,1,1
K0064,36,Wrocław,Basic,89.0,49,5.0,0,1
K0234,31,Gdańsk,Standard,129.0,43,6.7,1,0
K0677,36,Kraków,Basic,89.0,16,4.5,2,0
K0106,53,Warszawa,Basic,89.0,32,14.4,3,0
K0754,40,Kraków,Basic,99.0,49,8.6,0,0
K0903,19,Warszawa,Basic,99.0,51,5.4,2,0
K0254,41,Kraków,Premium,179.0,43,12.9,2,0
K0423,35,Kraków,Standard,139.0,35,1.9,0,0
K1233,33,Poznań,Basic,89.0,28,7.2,1,0
K0859,21,Poznań,Basic,89.0,46,2.8,3,0
K0925,34,Gdańsk,Standard,139.0,54,9.5,1,0
K0080,21,Wrocław,Basic,99.0,1,5.2,3,1
K0990,16,Warszawa,Standard,139.0,13,6.4,1,0
K1107,38,Warszawa,Basic,99.0,49,1.6,2,0
K0498,19,Warszawa,Basic,99.0,36,10.9,1,0
K1480,26,Warszawa,Basic,89.0,46,10.6,1,0
K0088,24,Poznań,Standard,139.0,54,6.0,1,0
K0065,47,Warszawa,Premium,199.0,5,4.0,0,1
K1295,23,Wrocław,Standard,139.0,46,3.1,0,0
K0606,27,Wrocław,Standard,139.0,11,3.0,0,1
K0275,21,Wrocław,Basic,99.0,52,11.4,1,0
K1378,16,Kraków,Standard,119.0,60,5.7,0,0
K1462,36,Warszawa,Basic,99.0,28,8.6,2,0
K0154,19,Warszawa,Basic,79.0,39,4.6,0,1
K0614,43,Kraków,Standard,139.0,36,4.8,2,0
K0411,32,Warszawa,Basic,99.0,15,5.3,2,1
K0831,39,Poznań,Premium,189.0,42,5.7,1,0
K0913,24,Kraków,Standard,139.0,47,8.6,0,0
K0518,35,Warszawa,Standard,129.0,29,3.9,1,0
K0045,17,Warszawa,Basic,99.0,14,4.2,0,0
K0391,35,Warszawa,Standard,139.0,16,3.1,0,0
K0221,33,Kraków,Basic,89.0,13,10.4,2,0
K0141,41,Gdańsk,Standard,139.0,6,25.0,0,0
K0358,44,Warszawa,Standard,129.0,1,6.9,0,0
K0723,28,Wrocław,Premium,179.0,29,2.6,0,1
K1158,31,Kraków,Standard,139.0,44,3.6,2,0
K0262,28,Warszawa,Standard,119.0,53,7.0,0,0
K1303,39,Warszawa,Premium,199.0,40,15.0,0,0
K0899,34,Warszawa,Standard,119.0,53,2.9,1,0
K1104,39,Kraków,Premium,189.0,6,6.0,2,1
K0196,35,Warszawa,Standard,139.0,46,2.4,0,0
K0116,29,Warszawa,Basic,99.0,41,9.3,0,0
K1076,30,Wrocław,Basic,99.0,49,3.4,2,0
K1074,48,Warszawa,Premium,199.0,17,11.6,0,0
K0719,34,Poznań,Standard,139.0,9,2.7,0,1
K1490,22,Wrocław,Standard,139.0,55,6.6,0,0
K1209,35,Warszawa,Basic,99.0,32,2.2,0,0
K0359,38,Gdańsk,Basic,99.0,38,12.7,1,0
K1061,28,Kraków,Premium,189.0,18,10.2,0,1
K1020,32,Kraków,Premium,199.0,35,3.8,1,1
K1364,33,Warszawa,Premium,189.0,59,5.8,3,0
K1001,43,Warszawa,Premium,199.0,10,11.2,0,0
K0936,42,Gdańsk,Standard,139.0,46,3.8,0,0
K0755,24,Poznań,Basic,99.0,21,1.5,0,0
K0421,35,Warszawa,Basic,89.0,41,6.5,1,0
K0150,24,Poznań,Basic,79.0,25,6.9,0,0
K0010,20,Kraków,Basic,99.0,33,12.0,0,0
K1070,50,Warszawa,Standard,119.0,56,2.3,0,0
K1120,23,Gdańsk,Standard,129.0,32,3.7,1,0
K1469,20,Warszawa,Premium,189.0,36,3.6,0,0
K0535,27,Warszawa,Standard,139.0,58,5.0,1,0
K0549,28,Kraków,Standard,129.0,17,3.3,0,0
K0299,31,Warszawa,Standard,139.0,6,20.5,1,0
K0977,40,Gdańsk,Premium,199.0,37,12.8,0,0
K1315,37,Gdańsk,Standard,139.0,47,12.9,0,0
K1338,45,Kraków,Standard,139.0,17,7.3,2,0
K0123,55,Wrocław,Basic,99.0,5,2.7,2,0
K1417,37,Poznań,Standard,129.0,39,10.2,0,0
K1373,39,Warszawa,Basic,99.0,52,5.5,0,0
K1361,33,Warszawa,Standard,139.0,17,12.6,1,0
K1424,38,Wrocław,Premium,199.0,57,3.5,1,0
K0710,32,Poznań,Basic,89.0,34,3.0,0,0
K1404,35,Gdańsk,Basic,99.0,28,6.7,1,0
K0770,18,Warszawa,Standard,129.0,19,8.3,0,0
K1392,27,Warszawa,Standard,139.0,15,4.1,1,1
K1471,42,Kraków,Standard,119.0,16,4.3,1,0
K1033,29,Poznań,Basic,99.0,51,9.0,0,0
K0098,23,Gdańsk,Premium,199.0,47,3.5,3,1
K1127,53,Wrocław,Standard,139.0,23,8.9,2,0
K0349,20,Warszawa,Basic,89.0,28,6.1,2,0
K0510,24,Warszawa,Standard,129.0,56,1.1,0,0
K0212,36,Kraków,Standard,139.0,18,6.1,1,0
K0704,21,Kraków,Standard,139.0,10,0.4,0,1
K0747,22,Gdańsk,Premium,199.0,22,10.0,1,0
K1046,29,Warszawa,Standard,129.0,55,7.3,1,0
K0940,41,Warszawa,Basic,99.0,44,6.9,1,0
K1422,31,Gdańsk,Standard,139.0,9,7.4,0,0
K0479,24,Warszawa,Basic,89.0,30,9.5,4,0
K0492,41,Warszawa,Standard,139.0,45,9.3,0,0
K0842,47,Poznań,Standard,139.0,23,5.3,0,0
K1071,16,Wrocław,Basic,79.0,21,7.5,2,0
K0365,30,Kraków,Premium,179.0,9,3.4,0,1
K0297,40,Wrocław,Basic,89.0,41,4.5,3,1
K0050,47,Poznań,Standard,139.0,39,2.4,1,1
K0225,32,Warszawa,Basic,99.0,45,8.1,1,0
K1496,29,Gdańsk,Standard,119.0,54,7.9,0,0
K0851,40,Kraków,Standard,139.0,24,6.6,1,1
K0648,38,Wrocław,Basic,79.0,54,12.7,2,0
K1226,35,Kraków,Standard,129.0,15,3.9,0,0
K0563,26,Gdańsk,Basic,89.0,22,7.9,0,0
K0623,21,Gdańsk,Premium,189.0,14,3.7,2,1
K1088,33,Poznań,Basic,79.0,53,5.2,0,0
K0805,44,Kraków,Basic,99.0,8,6.0,1,0
K0605,41,Gdańsk,Premium,199.0,21,5.3,0,0
K1270,29,Warszawa,Basic,99.0,38,8.3,1,0
K0443,33,Warszawa,Premium,199.0,60,8.9,0,1
K1449,44,Warszawa,Premium,199.0,57,2.1,0,0
K1025,17,Poznań,Basic,79.0,11,9.8,1,0
K0540,37,Warszawa,Standard,139.0,51,3.5,1,0
K0768,22,Warszawa,Premium,199.0,33,15.9,1,0
K0763,40,Kraków,Standard,129.0,23,18.0,0,0
K0869,59,Kraków,Basic,99.0,57,6.6,0,0
K0690,26,Poznań,Premium,189.0,21,9.8,1,0
K0188,37,Warszawa,Basic,89.0,28,8.1,1,0
K0407,36,Kraków,Basic,99.0,52,0.6,2,1
K1012,33,Kraków,Basic,79.0,24,8.7,0,0
K1173,31,Gdańsk,Premium,199.0,4,8.4,0,0
K0752,35,Kraków,Basic,99.0,31,5.2,0,0
K1051,25,Wrocław,Basic,99.0,3,6.1,0,0
K0462,58,Warszawa,Standard,129.0,47,3.1,0,0
K0671,20,Kraków,Premium,199.0,7,6.2,1,1
K0656,50,Poznań,Basic,99.0,60,2.8,1,0
K0786,37,Warszawa,Standard,129.0,54,9.4,0,0
K1084,35,Warszawa,Basic,89.0,25,11.9,3,0
K0715,20,Warszawa,Basic,99.0,43,7.4,2,0
K1351,29,Wrocław,Basic,99.0,3,8.7,0,0
K0425,23,Warszawa,Basic,89.0,31,12.3,0,0
K0044,30,Kraków,Standard,129.0,3,7.6,0,0
K0662,36,Poznań,Standard,139.0,55,6.7,0,0
K0636,45,Warszawa,Premium,199.0,2,3.9,1,1
K0529,41,Kraków,Basic,89.0,21,3.6,2,0
K0988,22,Gdańsk,Premium,199.0,6,17.4,0,1
K0219,28,Wrocław,Standard,139.0,56,7.9,1,0
K0821,36,Gdańsk,Basic,89.0,59,7.8,1,0
K1487,28,Poznań,Basic,99.0,54,7.8,1,0
K0856,23,Kraków,Standard,119.0,52,5.3,1,0
K0610,33,Warszawa,Standard,129.0,3,1.0,1,1
K0486,26,Warszawa,Premium,199.0,23,7.9,0,0
K1150,35,Poznań,Standard,129.0,13,21.0,0,0
K1018,33,Kraków,Basic,79.0,48,3.8,2,0
K1086,48,Warszawa,Standard,139.0,21,8.5,1,0
K0082,38,Warszawa,Standard,139.0,49,3.8,0,1
K0325,33,Poznań,Standard,139.0,17,2.9,1,1
K1410,25,Poznań,Basic,99.0,56,12.5,1,0
K1081,40,Kraków,Premium,189.0,20,10.1,0,0
K0020,39,Poznań,Basic,99.0,38,6.9,1,0
K0455,27,Kraków,Basic,99.0,45,1.3,2,1
K1111,41,Gdańsk,Premium,199.0,58,5.2,3,0
K0839,45,Kraków,Standard,139.0,8,8.6,1,0
K0759,16,Gdańsk,Premium,199.0,57,7.6,0,0
K1341,25,Warszawa,Basic,89.0,22,6.5,0,1
K0035,42,Wrocław,Basic,99.0,42,8.0,3,0
K1163,17,Wrocław,Basic,99.0,38,8.0,0,0
K0905,39,Warszawa,Basic,89.0,40,2.8,2,1
K0097,21,Kraków,Standard,129.0,30,12.6,2,0
K1108,27,Warszawa,Basic,99.0,6,0.8,0,1
K0447,51,Kraków,Standard,139.0,13,1.6,1,1
K0475,16,Gdańsk,Basic,79.0,13,8.4,2,0
K0367,39,Poznań,Premium,189.0,11,16.6,3,0
K1492,39,Poznań,Standard,139.0,6,13.1,0,0
K0761,38,Kraków,Premium,199.0,27,4.7,1,1
K0919,47,Warszawa,Standard,139.0,29,11.7,1,0
K1426,42,Warszawa,Premium,189.0,26,5.0,3,1
K0760,28,Warszawa,Standard,139.0,14,5.2,0,0
K0393,36,Gdańsk,Standard,129.0,7,8.6,0,0
K0507,47,Kraków,Basic,99.0,13,2.9,0,0
K0435,39,Warszawa,Basic,99.0,58,7.8,2,0
K0649,33,Warszawa,Standard,129.0,24,3.8,2,1
K0943,41,Kraków,Standard,129.0,60,6.9,1,0
K1232,17,Kraków,Premium,199.0,44,14.5,2,0
K1344,41,Gdańsk,Basic,99.0,53,6.4,1,0
K0133,41,Gdańsk,Standard,139.0,15,5.0,2,1
K1075,17,Gdańsk,Basic,99.0,33,2.2,2,1
K0973,47,Gdańsk,Premium,199.0,47,5.1,0,0
K1263,38,Warszawa,Basic,99.0,49,4.7,0,1
K0451,34,Poznań,Premium,199.0,43,12.0,1,0
K0032,60,Gdańsk,Premium,189.0,7,9.5,0,0
K0122,40,Gdańsk,Premium,179.0,36,6.5,1,0
K1236,21,Wrocław,Basic,99.0,30,2.9,2,1
K1376,20,Gdańsk,Premium,199.0,35,5.2,0,0
K1479,17,Wrocław,Premium,189.0,16,7.8,0,0
K1327,41,Warszawa,Basic,99.0,3,4.4,1,0
K1113,21,Kraków,Standard,119.0,7,2.9,1,1
K1348,34,Warszawa,Basic,79.0,43,6.8,0,0
K0256,16,Warszawa,Standard,139.0,49,6.3,1,0
K0893,27,Kraków,Basic,79.0,45,2.4,1,0
K0360,48,Warszawa,Standard,139.0,42,7.4,0,1
K0052,28,Poznań,Basic,99.0,53,7.6,0,0
K0876,32,Warszawa,Standard,139.0,30,6.5,0,0
K0939,16,Poznań,Basic,99.0,57,6.0,0,0
K0773,23,Warszawa,Standard,139.0,10,2.2,0,1
K1220,38,Wrocław,Basic,99.0,56,5.9,0,0
K0680,25,Warszawa,Basic,99.0,45,3.0,3,1
K0806,33,Warszawa,Basic,99.0,17,7.8,0,1
K0125,22,Warszawa,Basic,79.0,46,9.8,3,0
K0405,40,Gdańsk,Basic,99.0,8,7.0,0,0
K0731,27,Poznań,Standard,139.0,40,6.9,2,0
K1312,33,Wrocław,Premium,189.0,23,8.5,1,0
K0832,44,Kraków,Standard,139.0,5,4.9,0,0
K1072,31,Warszawa,Premium,199.0,20,7.7,1,0
K0726,27,Warszawa,Premium,179.0,33,7.4,1,0
K0588,35,Poznań,Premium,189.0,33,5.7,0,0
K0608,28,Kraków,Basic,99.0,57,10.0,4,0
K0434,45,Wrocław,Premium,199.0,41,2.7,1,0
K0675,29,Wrocław,Basic,99.0,23,12.8,1,0
K1288,36,Kraków,Basic,99.0,33,3.1,2,0
K0361,27,Wrocław,Standard,139.0,57,10.6,0,0
K1100,37,Warszawa,Basic,99.0,18,5.7,3,1
K0467,39,Poznań,Basic,99.0,3,7.4,1,0
K0300,34,Kraków,Standard,129.0,24,3.2,2,0
K0494,37,Poznań,Standard,139.0,41,6.2,0,0
K0528,31,Poznań,Premium,189.0,11,10.2,0,0
K1193,48,Gdańsk,Standard,139.0,26,2.7,1,1
